SITENO,count_rec,1949,1950,1951,1952,1953,1954,1955,1956,1957,1958,1959,1960,1961,1962,1963,1964,1965,1966,1967,1968,1969,1970,1971,1972,1973,1974,1975,1976,1977,1978,1979
01048000,11596,365,365,365,366,365,365,365,366,365,365,365,366,365,365,365,366,365,365,365,366,365,365,365,366,365,365,365,366,365,365,273
01055500,11688,365,365,365,366,365,365,365,366,365,365,365,366,365,365,365,366,365,365,365,366,365,365,365,366,365,365,365,366,365,365,365
01060000,11049,92,365,365,366,365,365,365,366,365,365,365,366,365,365,365,366,365,365,365,366,365,365,365,366,365,365,365,366,365,365,365
01064500,11688,365,365,365,366,365,365,365,366,365,365,365,366,365,365,365,366,365,365,365,366,365,365,365,366,365,365,365,366,365,365,365
01076500,11688,365,365,365,366,365,365,365,366,365,365,365,366,365,365,365,366,365,365,365,366,365,365,365,366,365,365,365,366,365,365,365
01127000,11688,365,365,365,366,365,365,365,366,365,365,365,366,365,365,365,366,365,365,365,366,365,365,365,366,365,365,365,366,365,365,365
01197500,11688,365,365,365,366,365,365,365,366,365,365,365,366,365,365,365,366,365,365,365,366,365,365,365,366,365,365,365,366,365,365,365
01200000,11688,365,365,365,366,365,365,365,366,365,365,365,366,365,365,365,366,365,365,365,366,365,365,365,366,365,365,365,366,365,365,365
01321000,11688,365,365,365,366,365,365,365,366,365,365,365,366,365,365,365,366,365,365,365,366,365,365,365,366,365,365,365,366,365,365,365
01334500,11688,365,365,365,366,365,365,365,366,365,365,365,366,365,365,365,366,365,365,365,366,365,365,365,366,365,365,365,366,365,365,365
01348000,11688,365,365,365,366,365,365,365,366,365,365,365,366,365,365,365,366,365,365,365,366,365,365,365,366,365,365,365,366,365,365,365
01371500,11688,365,365,365,366,365,365,365,366,365,365,365,366,365,365,365,366,365,365,365,366,365,365,365,366,365,365,365,366,365,365,365
01372500,11688,365,365,365,366,365,365,365,366,365,365,365,366,365,365,365,366,365,365,365,366,365,365,365,366,365,365,365,366,365,365,365
01421000,11688,365,365,365,366,365,365,365,366,365,365,365,366,365,365,365,366,365,365,365,366,365,365,365,366,365,365,365,366,365,365,365
01423000,10684,0,92,365,366,365,365,365,366,365,365,365,366,365,365,365,366,365,365,365,366,365,365,365,366,365,365,365,366,365,365,365
01426500,11688,365,365,365,366,365,365,365,366,365,365,365,366,365,365,365,366,365,365,365,366,365,365,365,366,365,365,365,366,365,365,365
01445000,5387,365,365,365,366,365,365,365,366,365,365,365,366,365,273,0,0,0,0,0,0,0,0,0,0,0,0,0,0,0,0,0
01445500,11688,365,365,365,366,365,365,365,366,365,365,365,366,365,365,365,366,365,365,365,366,365,365,365,366,365,365,365,366,365,365,365
01500500,11688,365,365,365,366,365,365,365,366,365,365,365,366,365,365,365,366,365,365,365,366,365,365,365,366,365,365,365,366,365,365,365
01503000,11688,365,365,365,366,365,365,365,366,365,365,365,366,365,365,365,366,365,365,365,366,365,365,365,366,365,365,365,366,365,365,365
01512500,11688,365,365,365,366,365,365,365,366,365,365,365,366,365,365,365,366,365,365,365,366,365,365,365,366,365,365,365,366,365,365,365
01518000,11688,365,365,365,366,365,365,365,366,365,365,365,366,365,365,365,366,365,365,365,366,365,365,365,366,365,365,365,366,365,365,365
01520000,10319,0,0,92,366,365,365,365,366,365,365,365,366,365,365,365,366,365,365,365,366,365,365,365,366,365,365,365,366,365,365,365
01520500,11688,365,365,365,366,365,365,365,366,365,365,365,366,365,365,365,366,365,365,365,366,365,365,365,366,365,365,365,366,365,365,365
01531000,11688,365,365,365,366,365,365,365,366,365,365,365,366,365,365,365,366,365,365,365,366,365,365,365,366,365,365,365,366,365,365,365
01534000,11688,365,365,365,366,365,365,365,366,365,365,365,366,365,365,365,366,365,365,365,366,365,365,365,366,365,365,365,366,365,365,365
01541000,11688,365,365,365,366,365,365,365,366,365,365,365,366,365,365,365,366,365,365,365,366,365,365,365,366,365,365,365,366,365,365,365
01541500,11688,365,365,365,366,365,365,365,366,365,365,365,366,365,365,365,366,365,365,365,366,365,365,365,366,365,365,365,366,365,365,365
01543500,11688,365,365,365,366,365,365,365,366,365,365,365,366,365,365,365,366,365,365,365,366,365,365,365,366,365,365,365,366,365,365,365
01548500,11688,365,365,365,366,365,365,365,366,365,365,365,366,365,365,365,366,365,365,365,366,365,365,365,366,365,365,365,366,365,365,365
01556000,11688,365,365,365,366,365,365,365,366,365,365,365,366,365,365,365,366,365,365,365,366,365,365,365,366,365,365,365,366,365,365,365
01558000,11688,365,365,365,366,365,365,365,366,365,365,365,366,365,365,365,366,365,365,365,366,365,365,365,366,365,365,365,366,365,365,365
01559000,11688,365,365,365,366,365,365,365,366,365,365,365,366,365,365,365,366,365,365,365,366,365,365,365,366,365,365,365,366,365,365,365
01560000,11688,365,365,365,366,365,365,365,366,365,365,365,366,365,365,365,366,365,365,365,366,365,365,365,366,365,365,365,366,365,365,365
01562000,11688,365,365,365,366,365,365,365,366,365,365,365,366,365,365,365,366,365,365,365,366,365,365,365,366,365,365,365,366,365,365,365
01567000,11688,365,365,365,366,365,365,365,366,365,365,365,366,365,365,365,366,365,365,365,366,365,365,365,366,365,365,365,366,365,365,365
01574000,11688,365,365,365,366,365,365,365,366,365,365,365,366,365,365,365,366,365,365,365,366,365,365,365,366,365,365,365,366,365,365,365
01595000,8584,0,0,0,0,0,0,0,184,365,365,365,366,365,365,365,366,365,365,365,366,365,365,365,366,365,365,365,366,365,365,365
01606500,11688,365,365,365,366,365,365,365,366,365,365,365,366,365,365,365,366,365,365,365,366,365,365,365,366,365,365,365,366,365,365,365
01608500,11688,365,365,365,366,365,365,365,366,365,365,365,366,365,365,365,366,365,365,365,366,365,365,365,366,365,365,365,366,365,365,365
01610000,11688,365,365,365,366,365,365,365,366,365,365,365,366,365,365,365,366,365,365,365,366,365,365,365,366,365,365,365,366,365,365,365
01611500,11688,365,365,365,366,365,365,365,366,365,365,365,366,365,365,365,366,365,365,365,366,365,365,365,366,365,365,365,366,365,365,365
01628500,11688,365,365,365,366,365,365,365,366,365,365,365,366,365,365,365,366,365,365,365,366,365,365,365,366,365,365,365,366,365,365,365
01631000,11688,365,365,365,366,365,365,365,366,365,365,365,366,365,365,365,366,365,365,365,366,365,365,365,366,365,365,365,366,365,365,365
01634000,11688,365,365,365,366,365,365,365,366,365,365,365,366,365,365,365,366,365,365,365,366,365,365,365,366,365,365,365,366,365,365,365
01643000,11688,365,365,365,366,365,365,365,366,365,365,365,366,365,365,365,366,365,365,365,366,365,365,365,366,365,365,365,366,365,365,365
01649500,11688,365,365,365,366,365,365,365,366,365,365,365,366,365,365,365,366,365,365,365,366,365,365,365,366,365,365,365,366,365,365,365
01663500,11688,365,365,365,366,365,365,365,366,365,365,365,366,365,365,365,366,365,365,365,366,365,365,365,366,365,365,365,366,365,365,365
01664000,11688,365,365,365,366,365,365,365,366,365,365,365,366,365,365,365,366,365,365,365,366,365,365,365,366,365,365,365,366,365,365,365
01667500,11688,365,365,365,366,365,365,365,366,365,365,365,366,365,365,365,366,365,365,365,366,365,365,365,366,365,365,365,366,365,365,365
01668000,11688,365,365,365,366,365,365,365,366,365,365,365,366,365,365,365,366,365,365,365,366,365,365,365,366,365,365,365,366,365,365,365
01672500,11688,365,365,365,366,365,365,365,366,365,365,365,366,365,365,365,366,365,365,365,366,365,365,365,366,365,365,365,366,365,365,365
01674500,11688,365,365,365,366,365,365,365,366,365,365,365,366,365,365,365,366,365,365,365,366,365,365,365,366,365,365,365,366,365,365,365
02016000,11688,365,365,365,366,365,365,365,366,365,365,365,366,365,365,365,366,365,365,365,366,365,365,365,366,365,365,365,366,365,365,365
02018000,11688,365,365,365,366,365,365,365,366,365,365,365,366,365,365,365,366,365,365,365,366,365,365,365,366,365,365,365,366,365,365,365
02030500,11688,365,365,365,366,365,365,365,366,365,365,365,366,365,365,365,366,365,365,365,366,365,365,365,366,365,365,365,366,365,365,365
02055000,11688,365,365,365,366,365,365,365,366,365,365,365,366,365,365,365,366,365,365,365,366,365,365,365,366,365,365,365,366,365,365,365
02058400,6058,0,0,0,0,0,0,0,0,0,0,0,0,0,0,214,366,365,365,365,366,365,365,365,366,365,365,365,366,365,365,365
02083500,11688,365,365,365,366,365,365,365,366,365,365,365,366,365,365,365,366,365,365,365,366,365,365,365,366,365,365,365,366,365,365,365
02102000,11688,365,365,365,366,365,365,365,366,365,365,365,366,365,365,365,366,365,365,365,366,365,365,365,366,365,365,365,366,365,365,365
02116500,11688,365,365,365,366,365,365,365,366,365,365,365,366,365,365,365,366,365,365,365,366,365,365,365,366,365,365,365,366,365,365,365
02118000,11688,365,365,365,366,365,365,365,366,365,365,365,366,365,365,365,366,365,365,365,366,365,365,365,366,365,365,365,366,365,365,365
02126000,11688,365,365,365,366,365,365,365,366,365,365,365,366,365,365,365,366,365,365,365,366,365,365,365,366,365,365,365,366,365,365,365
02135000,11688,365,365,365,366,365,365,365,366,365,365,365,366,365,365,365,366,365,365,365,366,365,365,365,366,365,365,365,366,365,365,365
02138500,11688,365,365,365,366,365,365,365,366,365,365,365,366,365,365,365,366,365,365,365,366,365,365,365,366,365,365,365,366,365,365,365
02143000,11688,365,365,365,366,365,365,365,366,365,365,365,366,365,365,365,366,365,365,365,366,365,365,365,366,365,365,365,366,365,365,365
02143040,6666,0,0,0,0,0,0,0,0,0,0,0,0,92,365,365,366,365,365,365,366,365,365,365,366,365,365,365,366,365,365,365
02143500,10349,0,0,122,366,365,365,365,366,365,365,365,366,365,365,365,366,365,365,365,366,365,365,365,366,365,365,365,366,365,365,365
02156500,11688,365,365,365,366,365,365,365,366,365,365,365,366,365,365,365,366,365,365,365,366,365,365,365,366,365,365,365,366,365,365,365
02165000,11688,365,365,365,366,365,365,365,366,365,365,365,366,365,365,365,366,365,365,365,366,365,365,365,366,365,365,365,366,365,365,365
02192000,11688,365,365,365,366,365,365,365,366,365,365,365,366,365,365,365,366,365,365,365,366,365,365,365,366,365,365,365,366,365,365,365
02202500,11688,365,365,365,366,365,365,365,366,365,365,365,366,365,365,365,366,365,365,365,366,365,365,365,366,365,365,365,366,365,365,365
02217500,11688,365,365,365,366,365,365,365,366,365,365,365,366,365,365,365,366,365,365,365,366,365,365,365,366,365,365,365,366,365,365,365
02228000,11688,365,365,365,366,365,365,365,366,365,365,365,366,365,365,365,366,365,365,365,366,365,365,365,366,365,365,365,366,365,365,365
02296750,11688,365,365,365,366,365,365,365,366,365,365,365,366,365,365,365,366,365,365,365,366,365,365,365,366,365,365,365,366,365,365,365
02329000,11688,365,365,365,366,365,365,365,366,365,365,365,366,365,365,365,366,365,365,365,366,365,365,365,366,365,365,365,366,365,365,365
02339500,11688,365,365,365,366,365,365,365,366,365,365,365,366,365,365,365,366,365,365,365,366,365,365,365,366,365,365,365,366,365,365,365
02347500,11688,365,365,365,366,365,365,365,366,365,365,365,366,365,365,365,366,365,365,365,366,365,365,365,366,365,365,365,366,365,365,365
02349500,11688,365,365,365,366,365,365,365,366,365,365,365,366,365,365,365,366,365,365,365,366,365,365,365,366,365,365,365,366,365,365,365
02365500,11688,365,365,365,366,365,365,365,366,365,365,365,366,365,365,365,366,365,365,365,366,365,365,365,366,365,365,365,366,365,365,365
02375500,11688,365,365,365,366,365,365,365,366,365,365,365,366,365,365,365,366,365,365,365,366,365,365,365,366,365,365,365,366,365,365,365
02383500,11688,365,365,365,366,365,365,365,366,365,365,365,366,365,365,365,366,365,365,365,366,365,365,365,366,365,365,365,366,365,365,365
02387000,11688,365,365,365,366,365,365,365,366,365,365,365,366,365,365,365,366,365,365,365,366,365,365,365,366,365,365,365,366,365,365,365
02387500,11688,365,365,365,366,365,365,365,366,365,365,365,366,365,365,365,366,365,365,365,366,365,365,365,366,365,365,365,366,365,365,365
02414500,11688,365,365,365,366,365,365,365,366,365,365,365,366,365,365,365,366,365,365,365,366,365,365,365,366,365,365,365,366,365,365,365
02448000,11688,365,365,365,366,365,365,365,366,365,365,365,366,365,365,365,366,365,365,365,366,365,365,365,366,365,365,365,366,365,365,365
02456500,11688,365,365,365,366,365,365,365,366,365,365,365,366,365,365,365,366,365,365,365,366,365,365,365,366,365,365,365,366,365,365,365
02472000,11688,365,365,365,366,365,365,365,366,365,365,365,366,365,365,365,366,365,365,365,366,365,365,365,366,365,365,365,366,365,365,365
02475000,11688,365,365,365,366,365,365,365,366,365,365,365,366,365,365,365,366,365,365,365,366,365,365,365,366,365,365,365,366,365,365,365
02475500,11688,365,365,365,366,365,365,365,366,365,365,365,366,365,365,365,366,365,365,365,366,365,365,365,366,365,365,365,366,365,365,365
02478500,11688,365,365,365,366,365,365,365,366,365,365,365,366,365,365,365,366,365,365,365,366,365,365,365,366,365,365,365,366,365,365,365
02479300,7838,0,0,0,0,0,0,0,0,0,168,365,366,365,365,365,366,365,365,365,366,365,365,365,366,365,365,365,366,365,365,365
02482000,11688,365,365,365,366,365,365,365,366,365,365,365,366,365,365,365,366,365,365,365,366,365,365,365,366,365,365,365,366,365,365,365
02486000,11688,365,365,365,366,365,365,365,366,365,365,365,366,365,365,365,366,365,365,365,366,365,365,365,366,365,365,365,366,365,365,365
02492000,11688,365,365,365,366,365,365,365,366,365,365,365,366,365,365,365,366,365,365,365,366,365,365,365,366,365,365,365,366,365,365,365
03010500,11688,365,365,365,366,365,365,365,366,365,365,365,366,365,365,365,366,365,365,365,366,365,365,365,366,365,365,365,366,365,365,365
03011020,11688,365,365,365,366,365,365,365,366,365,365,365,366,365,365,365,366,365,365,365,366,365,365,365,366,365,365,365,366,365,365,365
03020500,11688,365,365,365,366,365,365,365,366,365,365,365,366,365,365,365,366,365,365,365,366,365,365,365,366,365,365,365,366,365,365,365
03024000,11688,365,365,365,366,365,365,365,366,365,365,365,366,365,365,365,366,365,365,365,366,365,365,365,366,365,365,365,366,365,365,365
03032500,11688,365,365,365,366,365,365,365,366,365,365,365,366,365,365,365,366,365,365,365,366,365,365,365,366,365,365,365,366,365,365,365
03050500,11688,365,365,365,366,365,365,365,366,365,365,365,366,365,365,365,366,365,365,365,366,365,365,365,366,365,365,365,366,365,365,365
03051000,11688,365,365,365,366,365,365,365,366,365,365,365,366,365,365,365,366,365,365,365,366,365,365,365,366,365,365,365,366,365,365,365
03054500,11688,365,365,365,366,365,365,365,366,365,365,365,366,365,365,365,366,365,365,365,366,365,365,365,366,365,365,365,366,365,365,365
03065000,11688,365,365,365,366,365,365,365,366,365,365,365,366,365,365,365,366,365,365,365,366,365,365,365,366,365,365,365,366,365,365,365
03069000,11688,365,365,365,366,365,365,365,366,365,365,365,366,365,365,365,366,365,365,365,366,365,365,365,366,365,365,365,366,365,365,365
03069500,11688,365,365,365,366,365,365,365,366,365,365,365,366,365,365,365,366,365,365,365,366,365,365,365,366,365,365,365,366,365,365,365
03070000,11688,365,365,365,366,365,365,365,366,365,365,365,366,365,365,365,366,365,365,365,366,365,365,365,366,365,365,365,366,365,365,365
03075500,11688,365,365,365,366,365,365,365,366,365,365,365,366,365,365,365,366,365,365,365,366,365,365,365,366,365,365,365,366,365,365,365
03079000,11688,365,365,365,366,365,365,365,366,365,365,365,366,365,365,365,366,365,365,365,366,365,365,365,366,365,365,365,366,365,365,365
03109500,11688,365,365,365,366,365,365,365,366,365,365,365,366,365,365,365,366,365,365,365,366,365,365,365,366,365,365,365,366,365,365,365
03111500,11688,365,365,365,366,365,365,365,366,365,365,365,366,365,365,365,366,365,365,365,366,365,365,365,366,365,365,365,366,365,365,365
03114500,11688,365,365,365,366,365,365,365,366,365,365,365,366,365,365,365,366,365,365,365,366,365,365,365,366,365,365,365,366,365,365,365
03155500,11688,365,365,365,366,365,365,365,366,365,365,365,366,365,365,365,366,365,365,365,366,365,365,365,366,365,365,365,366,365,365,365
03159500,11688,365,365,365,366,365,365,365,366,365,365,365,366,365,365,365,366,365,365,365,366,365,365,365,366,365,365,365,366,365,365,365
03161000,11688,365,365,365,366,365,365,365,366,365,365,365,366,365,365,365,366,365,365,365,366,365,365,365,366,365,365,365,366,365,365,365
03164000,11688,365,365,365,366,365,365,365,366,365,365,365,366,365,365,365,366,365,365,365,366,365,365,365,366,365,365,365,366,365,365,365
03165500,11231,365,365,365,366,365,365,365,366,365,365,365,366,365,365,365,366,365,365,365,366,365,365,365,366,365,365,365,366,365,273,0
03167000,11688,365,365,365,366,365,365,365,366,365,365,365,366,365,365,365,366,365,365,365,366,365,365,365,366,365,365,365,366,365,365,365
03168000,11688,365,365,365,366,365,365,365,366,365,365,365,366,365,365,365,366,365,365,365,366,365,365,365,366,365,365,365,366,365,365,365
03173000,11688,365,365,365,366,365,365,365,366,365,365,365,366,365,365,365,366,365,365,365,366,365,365,365,366,365,365,365,366,365,365,365
03175500,11688,365,365,365,366,365,365,365,366,365,365,365,366,365,365,365,366,365,365,365,366,365,365,365,366,365,365,365,366,365,365,365
03179000,10749,0,157,365,366,365,365,365,366,365,365,365,366,365,365,365,366,365,365,365,366,365,365,365,366,365,365,365,366,365,365,365
03180500,11688,365,365,365,366,365,365,365,366,365,365,365,366,365,365,365,366,365,365,365,366,365,365,365,366,365,365,365,366,365,365,365
03182500,11688,365,365,365,366,365,365,365,366,365,365,365,366,365,365,365,366,365,365,365,366,365,365,365,366,365,365,365,366,365,365,365
03183500,11688,365,365,365,366,365,365,365,366,365,365,365,366,365,365,365,366,365,365,365,366,365,365,365,366,365,365,365,366,365,365,365
03184000,11688,365,365,365,366,365,365,365,366,365,365,365,366,365,365,365,366,365,365,365,366,365,365,365,366,365,365,365,366,365,365,365
03186500,11688,365,365,365,366,365,365,365,366,365,365,365,366,365,365,365,366,365,365,365,366,365,365,365,366,365,365,365,366,365,365,365
03198500,11688,365,365,365,366,365,365,365,366,365,365,365,366,365,365,365,366,365,365,365,366,365,365,365,366,365,365,365,366,365,365,365
03237500,11688,365,365,365,366,365,365,365,366,365,365,365,366,365,365,365,366,365,365,365,366,365,365,365,366,365,365,365,366,365,365,365
03238500,11688,365,365,365,366,365,365,365,366,365,365,365,366,365,365,365,366,365,365,365,366,365,365,365,366,365,365,365,366,365,365,365
03251500,11688,365,365,365,366,365,365,365,366,365,365,365,366,365,365,365,366,365,365,365,366,365,365,365,366,365,365,365,366,365,365,365
03252500,11688,365,365,365,366,365,365,365,366,365,365,365,366,365,365,365,366,365,365,365,366,365,365,365,366,365,365,365,366,365,365,365
03253500,11688,365,365,365,366,365,365,365,366,365,365,365,366,365,365,365,366,365,365,365,366,365,365,365,366,365,365,365,366,365,365,365
03265000,11688,365,365,365,366,365,365,365,366,365,365,365,366,365,365,365,366,365,365,365,366,365,365,365,366,365,365,365,366,365,365,365
03266000,11688,365,365,365,366,365,365,365,366,365,365,365,366,365,365,365,366,365,365,365,366,365,365,365,366,365,365,365,366,365,365,365
03269500,11688,365,365,365,366,365,365,365,366,365,365,365,366,365,365,365,366,365,365,365,366,365,365,365,366,365,365,365,366,365,365,365
03274000,11688,365,365,365,366,365,365,365,366,365,365,365,366,365,365,365,366,365,365,365,366,365,365,365,366,365,365,365,366,365,365,365
03281500,11688,365,365,365,366,365,365,365,366,365,365,365,366,365,365,365,366,365,365,365,366,365,365,365,366,365,365,365,366,365,365,365
03289500,11688,365,365,365,366,365,365,365,366,365,365,365,366,365,365,365,366,365,365,365,366,365,365,365,366,365,365,365,366,365,365,365
03301500,11688,365,365,365,366,365,365,365,366,365,365,365,366,365,365,365,366,365,365,365,366,365,365,365,366,365,365,365,366,365,365,365
03303000,11688,365,365,365,366,365,365,365,366,365,365,365,366,365,365,365,366,365,365,365,366,365,365,365,366,365,365,365,366,365,365,365
03308500,11688,365,365,365,366,365,365,365,366,365,365,365,366,365,365,365,366,365,365,365,366,365,365,365,366,365,365,365,366,365,365,365
03324300,8341,0,0,0,0,0,0,0,0,306,365,365,366,365,365,365,366,365,365,365,366,365,365,365,366,365,365,365,366,365,365,365
03326500,11688,365,365,365,366,365,365,365,366,365,365,365,366,365,365,365,366,365,365,365,366,365,365,365,366,365,365,365,366,365,365,365
03328500,11688,365,365,365,366,365,365,365,366,365,365,365,366,365,365,365,366,365,365,365,366,365,365,365,366,365,365,365,366,365,365,365
03331500,11688,365,365,365,366,365,365,365,366,365,365,365,366,365,365,365,366,365,365,365,366,365,365,365,366,365,365,365,366,365,365,365
03339500,11688,365,365,365,366,365,365,365,366,365,365,365,366,365,365,365,366,365,365,365,366,365,365,365,366,365,365,365,366,365,365,365
03345500,11688,365,365,365,366,365,365,365,366,365,365,365,366,365,365,365,366,365,365,365,366,365,365,365,366,365,365,365,366,365,365,365
03346000,11688,365,365,365,366,365,365,365,366,365,365,365,366,365,365,365,366,365,365,365,366,365,365,365,366,365,365,365,366,365,365,365
03348000,11688,365,365,365,366,365,365,365,366,365,365,365,366,365,365,365,366,365,365,365,366,365,365,365,366,365,365,365,366,365,365,365
03349000,11688,365,365,365,366,365,365,365,366,365,365,365,366,365,365,365,366,365,365,365,366,365,365,365,366,365,365,365,366,365,365,365
03361500,11688,365,365,365,366,365,365,365,366,365,365,365,366,365,365,365,366,365,365,365,366,365,365,365,366,365,365,365,366,365,365,365
03361650,4475,0,0,0,0,0,0,0,0,0,0,0,0,0,0,0,0,0,0,92,366,365,365,365,366,365,365,365,366,365,365,365
03362500,11688,365,365,365,366,365,365,365,366,365,365,365,366,365,365,365,366,365,365,365,366,365,365,365,366,365,365,365,366,365,365,365
03363000,11688,365,365,365,366,365,365,365,366,365,365,365,366,365,365,365,366,365,365,365,366,365,365,365,366,365,365,365,366,365,365,365
03364000,11597,365,365,365,366,365,365,365,366,365,365,365,366,365,365,365,366,365,365,365,366,365,365,365,366,365,365,365,366,365,365,365
03365500,11688,365,365,365,366,365,365,365,366,365,365,365,366,365,365,365,366,365,365,365,366,365,365,365,366,365,365,365,366,365,365,365
03381500,11688,365,365,365,366,365,365,365,366,365,365,365,366,365,365,365,366,365,365,365,366,365,365,365,366,365,365,365,366,365,365,365
03410500,11688,365,365,365,366,365,365,365,366,365,365,365,366,365,365,365,366,365,365,365,366,365,365,365,366,365,365,365,366,365,365,365
03438000,11688,365,365,365,366,365,365,365,366,365,365,365,366,365,365,365,366,365,365,365,366,365,365,365,366,365,365,365,366,365,365,365
03443000,11688,365,365,365,366,365,365,365,366,365,365,365,366,365,365,365,366,365,365,365,366,365,365,365,366,365,365,365,366,365,365,365
03451500,11688,365,365,365,366,365,365,365,366,365,365,365,366,365,365,365,366,365,365,365,366,365,365,365,366,365,365,365,366,365,365,365
03455000,11688,365,365,365,366,365,365,365,366,365,365,365,366,365,365,365,366,365,365,365,366,365,365,365,366,365,365,365,366,365,365,365
03465500,11688,365,365,365,366,365,365,365,366,365,365,365,366,365,365,365,366,365,365,365,366,365,365,365,366,365,365,365,366,365,365,365
03470000,11688,365,365,365,366,365,365,365,366,365,365,365,366,365,365,365,366,365,365,365,366,365,365,365,366,365,365,365,366,365,365,365
03473000,11688,365,365,365,366,365,365,365,366,365,365,365,366,365,365,365,366,365,365,365,366,365,365,365,366,365,365,365,366,365,365,365
03490000,11688,365,365,365,366,365,365,365,366,365,365,365,366,365,365,365,366,365,365,365,366,365,365,365,366,365,365,365,366,365,365,365
03504000,11688,365,365,365,366,365,365,365,366,365,365,365,366,365,365,365,366,365,365,365,366,365,365,365,366,365,365,365,366,365,365,365
03512000,11506,365,365,365,366,365,365,365,366,365,365,365,366,365,365,365,366,365,365,365,366,365,365,365,366,365,365,365,366,365,365,365
03524000,11688,365,365,365,366,365,365,365,366,365,365,365,366,365,365,365,366,365,365,365,366,365,365,365,366,365,365,365,366,365,365,365
03528000,11688,365,365,365,366,365,365,365,366,365,365,365,366,365,365,365,366,365,365,365,366,365,365,365,366,365,365,365,366,365,365,365
03531500,11688,365,365,365,366,365,365,365,366,365,365,365,366,365,365,365,366,365,365,365,366,365,365,365,366,365,365,365,366,365,365,365
03532000,11688,365,365,365,366,365,365,365,366,365,365,365,366,365,365,365,366,365,365,365,366,365,365,365,366,365,365,365,366,365,365,365
03540500,11688,365,365,365,366,365,365,365,366,365,365,365,366,365,365,365,366,365,365,365,366,365,365,365,366,365,365,365,366,365,365,365
03550000,11688,365,365,365,366,365,365,365,366,365,365,365,366,365,365,365,366,365,365,365,366,365,365,365,366,365,365,365,366,365,365,365
03567500,11231,365,365,365,366,365,365,365,366,365,365,365,366,365,365,365,366,365,365,365,366,365,365,365,366,365,365,365,366,365,273,0
03574500,11688,365,365,365,366,365,365,365,366,365,365,365,366,365,365,365,366,365,365,365,366,365,365,365,366,365,365,365,366,365,365,365
03603000,11688,365,365,365,366,365,365,365,366,365,365,365,366,365,365,365,366,365,365,365,366,365,365,365,366,365,365,365,366,365,365,365
04073500,11688,365,365,365,366,365,365,365,366,365,365,365,366,365,365,365,366,365,365,365,366,365,365,365,366,365,365,365,366,365,365,365
04079000,11688,365,365,365,366,365,365,365,366,365,365,365,366,365,365,365,366,365,365,365,366,365,365,365,366,365,365,365,366,365,365,365
04100500,11688,365,365,365,366,365,365,365,366,365,365,365,366,365,365,365,366,365,365,365,366,365,365,365,366,365,365,365,366,365,365,365
04113000,11688,365,365,365,366,365,365,365,366,365,365,365,366,365,365,365,366,365,365,365,366,365,365,365,366,365,365,365,366,365,365,365
04115000,11688,365,365,365,366,365,365,365,366,365,365,365,366,365,365,365,366,365,365,365,366,365,365,365,366,365,365,365,366,365,365,365
04164000,11688,365,365,365,366,365,365,365,366,365,365,365,366,365,365,365,366,365,365,365,366,365,365,365,366,365,365,365,366,365,365,365
04165500,11688,365,365,365,366,365,365,365,366,365,365,365,366,365,365,365,366,365,365,365,366,365,365,365,366,365,365,365,366,365,365,365
04176500,11688,365,365,365,366,365,365,365,366,365,365,365,366,365,365,365,366,365,365,365,366,365,365,365,366,365,365,365,366,365,365,365
04178000,11688,365,365,365,366,365,365,365,366,365,365,365,366,365,365,365,366,365,365,365,366,365,365,365,366,365,365,365,366,365,365,365
04183500,11688,365,365,365,366,365,365,365,366,365,365,365,366,365,365,365,366,365,365,365,366,365,365,365,366,365,365,365,366,365,365,365
04185000,11688,365,365,365,366,365,365,365,366,365,365,365,366,365,365,365,366,365,365,365,366,365,365,365,366,365,365,365,366,365,365,365
04191500,11688,365,365,365,366,365,365,365,366,365,365,365,366,365,365,365,366,365,365,365,366,365,365,365,366,365,365,365,366,365,365,365
04198000,11688,365,365,365,366,365,365,365,366,365,365,365,366,365,365,365,366,365,365,365,366,365,365,365,366,365,365,365,366,365,365,365
04201500,11688,365,365,365,366,365,365,365,366,365,365,365,366,365,365,365,366,365,365,365,366,365,365,365,366,365,365,365,366,365,365,365
04221000,3744,0,0,0,0,0,0,92,366,365,273,0,0,0,0,0,0,0,0,0,0,0,0,0,92,365,365,365,366,365,365,365
04223000,11688,365,365,365,366,365,365,365,366,365,365,365,366,365,365,365,366,365,365,365,366,365,365,365,366,365,365,365,366,365,365,365
05053000,11688,365,365,365,366,365,365,365,366,365,365,365,366,365,365,365,366,365,365,365,366,365,365,365,366,365,365,365,366,365,365,365
05244000,11688,365,365,365,366,365,365,365,366,365,365,365,366,365,365,365,366,365,365,365,366,365,365,365,366,365,365,365,366,365,365,365
05280000,11688,365,365,365,366,365,365,365,366,365,365,365,366,365,365,365,366,365,365,365,366,365,365,365,366,365,365,365,366,365,365,365
05320500,11110,153,365,365,366,365,365,365,366,365,365,365,366,365,365,365,366,365,365,365,366,365,365,365,366,365,365,365,366,365,365,365
05408000,11688,365,365,365,366,365,365,365,366,365,365,365,366,365,365,365,366,365,365,365,366,365,365,365,366,365,365,365,366,365,365,365
05410490,11688,365,365,365,366,365,365,365,366,365,365,365,366,365,365,365,366,365,365,365,366,365,365,365,366,365,365,365,366,365,365,365
05412500,11688,365,365,365,366,365,365,365,366,365,365,365,366,365,365,365,366,365,365,365,366,365,365,365,366,365,365,365,366,365,365,365
05418500,11688,365,365,365,366,365,365,365,366,365,365,365,366,365,365,365,366,365,365,365,366,365,365,365,366,365,365,365,366,365,365,365
05422000,11688,365,365,365,366,365,365,365,366,365,365,365,366,365,365,365,366,365,365,365,366,365,365,365,366,365,365,365,366,365,365,365
05430500,11688,365,365,365,366,365,365,365,366,365,365,365,366,365,365,365,366,365,365,365,366,365,365,365,366,365,365,365,366,365,365,365
05435500,11688,365,365,365,366,365,365,365,366,365,365,365,366,365,365,365,366,365,365,365,366,365,365,365,366,365,365,365,366,365,365,365
05440000,11688,365,365,365,366,365,365,365,366,365,365,365,366,365,365,365,366,365,365,365,366,365,365,365,366,365,365,365,366,365,365,365
05447500,11688,365,365,365,366,365,365,365,366,365,365,365,366,365,365,365,366,365,365,365,366,365,365,365,366,365,365,365,366,365,365,365
05451500,11688,365,365,365,366,365,365,365,366,365,365,365,366,365,365,365,366,365,365,365,366,365,365,365,366,365,365,365,366,365,365,365
05452000,11688,365,365,365,366,365,365,365,366,365,365,365,366,365,365,365,366,365,365,365,366,365,365,365,366,365,365,365,366,365,365,365
05454500,11688,365,365,365,366,365,365,365,366,365,365,365,366,365,365,365,366,365,365,365,366,365,365,365,366,365,365,365,366,365,365,365
05455500,11688,365,365,365,366,365,365,365,366,365,365,365,366,365,365,365,366,365,365,365,366,365,365,365,366,365,365,365,366,365,365,365
05457700,5570,0,0,0,0,0,0,0,0,0,0,0,0,0,0,0,92,365,365,365,366,365,365,365,366,365,365,365,366,365,365,365
05458500,11688,365,365,365,366,365,365,365,366,365,365,365,366,365,365,365,366,365,365,365,366,365,365,365,366,365,365,365,366,365,365,365
05462000,9700,0,0,0,0,204,365,365,366,365,365,365,366,365,365,365,366,365,365,365,366,365,365,365,366,365,365,365,366,365,365,365
05471500,11688,365,365,365,366,365,365,365,366,365,365,365,366,365,365,365,366,365,365,365,366,365,365,365,366,365,365,365,366,365,365,365
05472500,11688,365,365,365,366,365,365,365,366,365,365,365,366,365,365,365,366,365,365,365,366,365,365,365,366,365,365,365,366,365,365,365
05476500,10319,0,0,92,366,365,365,365,366,365,365,365,366,365,365,365,366,365,365,365,366,365,365,365,366,365,365,365,366,365,365,365
05479000,11688,365,365,365,366,365,365,365,366,365,365,365,366,365,365,365,366,365,365,365,366,365,365,365,366,365,365,365,366,365,365,365
05481000,11688,365,365,365,366,365,365,365,366,365,365,365,366,365,365,365,366,365,365,365,366,365,365,365,366,365,365,365,366,365,365,365
05482500,11688,365,365,365,366,365,365,365,366,365,365,365,366,365,365,365,366,365,365,365,366,365,365,365,366,365,365,365,366,365,365,365
05484500,11688,365,365,365,366,365,365,365,366,365,365,365,366,365,365,365,366,365,365,365,366,365,365,365,366,365,365,365,366,365,365,365
05508000,11688,365,365,365,366,365,365,365,366,365,365,365,366,365,365,365,366,365,365,365,366,365,365,365,366,365,365,365,366,365,365,365
05514500,9241,365,365,365,366,365,365,365,366,365,365,365,366,365,365,365,366,365,365,365,366,365,365,365,213,0,0,0,0,0,8,254
05515500,11688,365,365,365,366,365,365,365,366,365,365,365,366,365,365,365,366,365,365,365,366,365,365,365,366,365,365,365,366,365,365,365
05517000,11688,365,365,365,366,365,365,365,366,365,365,365,366,365,365,365,366,365,365,365,366,365,365,365,366,365,365,365,366,365,365,365
05517500,11414,365,365,365,366,365,365,365,366,365,365,365,366,365,365,365,366,365,365,365,366,365,365,365,366,365,365,365,366,365,365,365
05518000,11688,365,365,365,366,365,365,365,366,365,365,365,366,365,365,365,366,365,365,365,366,365,365,365,366,365,365,365,366,365,365,365
05520500,11688,365,365,365,366,365,365,365,366,365,365,365,366,365,365,365,366,365,365,365,366,365,365,365,366,365,365,365,366,365,365,365
05526000,11688,365,365,365,366,365,365,365,366,365,365,365,366,365,365,365,366,365,365,365,366,365,365,365,366,365,365,365,366,365,365,365
05542000,11688,365,365,365,366,365,365,365,366,365,365,365,366,365,365,365,366,365,365,365,366,365,365,365,366,365,365,365,366,365,365,365
05552500,11688,365,365,365,366,365,365,365,366,365,365,365,366,365,365,365,366,365,365,365,366,365,365,365,366,365,365,365,366,365,365,365
05554500,11688,365,365,365,366,365,365,365,366,365,365,365,366,365,365,365,366,365,365,365,366,365,365,365,366,365,365,365,366,365,365,365
05555300,3014,0,0,0,0,0,0,0,0,0,0,0,0,0,0,0,0,0,0,0,0,0,0,92,366,365,365,365,366,365,365,365
05569500,11688,365,365,365,366,365,365,365,366,365,365,365,366,365,365,365,366,365,365,365,366,365,365,365,366,365,365,365,366,365,365,365
05570000,11688,365,365,365,366,365,365,365,366,365,365,365,366,365,365,365,366,365,365,365,366,365,365,365,366,365,365,365,366,365,365,365
05582000,11688,365,365,365,366,365,365,365,366,365,365,365,366,365,365,365,366,365,365,365,366,365,365,365,366,365,365,365,366,365,365,365
05584500,11688,365,365,365,366,365,365,365,366,365,365,365,366,365,365,365,366,365,365,365,366,365,365,365,366,365,365,365,366,365,365,365
05585000,11688,365,365,365,366,365,365,365,366,365,365,365,366,365,365,365,366,365,365,365,366,365,365,365,366,365,365,365,366,365,365,365
05592500,11688,365,365,365,366,365,365,365,366,365,365,365,366,365,365,365,366,365,365,365,366,365,365,365,366,365,365,365,366,365,365,365
05593000,11688,365,365,365,366,365,365,365,366,365,365,365,366,365,365,365,366,365,365,365,366,365,365,365,366,365,365,365,366,365,365,365
05594000,11688,365,365,365,366,365,365,365,366,365,365,365,366,365,365,365,366,365,365,365,366,365,365,365,366,365,365,365,366,365,365,365
06191500,11688,365,365,365,366,365,365,365,366,365,365,365,366,365,365,365,366,365,365,365,366,365,365,365,366,365,365,365,366,365,365,365
06192500,11688,365,365,365,366,365,365,365,366,365,365,365,366,365,365,365,366,365,365,365,366,365,365,365,366,365,365,365,366,365,365,365
06225500,11688,365,365,365,366,365,365,365,366,365,365,365,366,365,365,365,366,365,365,365,366,365,365,365,366,365,365,365,366,365,365,365
06334500,8614,0,0,0,0,0,0,0,214,365,365,365,366,365,365,365,366,365,365,365,366,365,365,365,366,365,365,365,366,365,365,365
06340500,11688,365,365,365,366,365,365,365,366,365,365,365,366,365,365,365,366,365,365,365,366,365,365,365,366,365,365,365,366,365,365,365
06359500,11688,365,365,365,366,365,365,365,366,365,365,365,366,365,365,365,366,365,365,365,366,365,365,365,366,365,365,365,366,365,365,365
06426500,9868,365,365,365,366,365,365,365,366,365,365,365,366,365,365,365,366,365,365,365,366,365,279,0,0,0,0,92,366,365,365,365
06441500,11688,365,365,365,366,365,365,365,366,365,365,365,366,365,365,365,366,365,365,365,366,365,365,365,366,365,365,365,366,365,365,365
06454500,11688,365,365,365,366,365,365,365,366,365,365,365,366,365,365,365,366,365,365,365,366,365,365,365,366,365,365,365,366,365,365,365
06480000,9649,0,0,0,0,153,365,365,366,365,365,365,366,365,365,365,366,365,365,365,366,365,365,365,366,365,365,365,366,365,365,365
06600500,11688,365,365,365,366,365,365,365,366,365,365,365,366,365,365,365,366,365,365,365,366,365,365,365,366,365,365,365,366,365,365,365
06606600,11688,365,365,365,366,365,365,365,366,365,365,365,366,365,365,365,366,365,365,365,366,365,365,365,366,365,365,365,366,365,365,365
06607200,11688,365,365,365,366,365,365,365,366,365,365,365,366,365,365,365,366,365,365,365,366,365,365,365,366,365,365,365,366,365,365,365
06609500,11688,365,365,365,366,365,365,365,366,365,365,365,366,365,365,365,366,365,365,365,366,365,365,365,366,365,365,365,366,365,365,365
06799500,11688,365,365,365,366,365,365,365,366,365,365,365,366,365,365,365,366,365,365,365,366,365,365,365,366,365,365,365,366,365,365,365
06808500,11536,365,365,365,366,365,365,365,366,365,365,365,366,365,365,365,366,365,365,365,366,365,365,365,366,365,365,365,366,365,365,365
06810000,11688,365,365,365,366,365,365,365,366,365,365,365,366,365,365,365,366,365,365,365,366,365,365,365,366,365,365,365,366,365,365,365
06811500,11079,122,365,365,366,365,365,365,366,365,365,365,366,365,365,365,366,365,365,365,366,365,365,365,366,365,365,365,366,365,365,365
06813000,11688,365,365,365,366,365,365,365,366,365,365,365,366,365,365,365,366,365,365,365,366,365,365,365,366,365,365,365,366,365,365,365
06815000,11688,365,365,365,366,365,365,365,366,365,365,365,366,365,365,365,366,365,365,365,366,365,365,365,366,365,365,365,366,365,365,365
06817000,11688,365,365,365,366,365,365,365,366,365,365,365,366,365,365,365,366,365,365,365,366,365,365,365,366,365,365,365,366,365,365,365
06817500,11688,365,365,365,366,365,365,365,366,365,365,365,366,365,365,365,366,365,365,365,366,365,365,365,366,365,365,365,366,365,365,365
06820500,11688,365,365,365,366,365,365,365,366,365,365,365,366,365,365,365,366,365,365,365,366,365,365,365,366,365,365,365,366,365,365,365
06847000,11688,365,365,365,366,365,365,365,366,365,365,365,366,365,365,365,366,365,365,365,366,365,365,365,366,365,365,365,366,365,365,365
06860000,11688,365,365,365,366,365,365,365,366,365,365,365,366,365,365,365,366,365,365,365,366,365,365,365,366,365,365,365,366,365,365,365
06869500,11688,365,365,365,366,365,365,365,366,365,365,365,366,365,365,365,366,365,365,365,366,365,365,365,366,365,365,365,366,365,365,365
06883000,9100,0,0,0,0,334,365,365,366,365,365,365,366,365,365,365,366,365,365,365,366,365,365,365,274,0,92,365,366,365,365,365
06884400,7915,0,0,0,0,0,0,0,0,0,245,365,366,365,365,365,366,365,365,365,366,365,365,365,366,365,365,365,366,365,365,365
06885500,9588,0,0,0,0,92,365,365,366,365,365,365,366,365,365,365,366,365,365,365,366,365,365,365,366,365,365,365,366,365,365,365
06888500,9510,0,0,0,0,14,365,365,366,365,365,365,366,365,365,365,366,365,365,365,366,365,365,365,366,365,365,365,366,365,365,365
06892000,11688,365,365,365,366,365,365,365,366,365,365,365,366,365,365,365,366,365,365,365,366,365,365,365,366,365,365,365,366,365,365,365
06894000,11597,365,365,365,366,365,365,365,366,365,365,365,366,365,365,365,366,365,365,365,366,365,365,365,366,365,365,365,366,365,365,365
06897500,11688,365,365,365,366,365,365,365,366,365,365,365,366,365,365,365,366,365,365,365,366,365,365,365,366,365,365,365,366,365,365,365
06898000,11688,365,365,365,366,365,365,365,366,365,365,365,366,365,365,365,366,365,365,365,366,365,365,365,366,365,365,365,366,365,365,365
06899500,11688,365,365,365,366,365,365,365,366,365,365,365,366,365,365,365,366,365,365,365,366,365,365,365,366,365,365,365,366,365,365,365
06908000,11688,365,365,365,366,365,365,365,366,365,365,365,366,365,365,365,366,365,365,365,366,365,365,365,366,365,365,365,366,365,365,365
06913500,11688,365,365,365,366,365,365,365,366,365,365,365,366,365,365,365,366,365,365,365,366,365,365,365,366,365,365,365,366,365,365,365
06914000,11688,365,365,365,366,365,365,365,366,365,365,365,366,365,365,365,366,365,365,365,366,365,365,365,366,365,365,365,366,365,365,365
06928000,8687,365,365,365,366,365,365,365,366,365,365,365,366,365,365,365,366,365,365,365,366,365,365,286,0,0,0,0,0,0,0,0
06933500,11688,365,365,365,366,365,365,365,366,365,365,365,366,365,365,365,366,365,365,365,366,365,365,365,366,365,365,365,366,365,365,365
07019000,11688,365,365,365,366,365,365,365,366,365,365,365,366,365,365,365,366,365,365,365,366,365,365,365,366,365,365,365,366,365,365,365
07029500,11688,365,365,365,366,365,365,365,366,365,365,365,366,365,365,365,366,365,365,365,366,365,365,365,366,365,365,365,366,365,365,365
07049000,6666,0,0,0,184,365,365,365,366,365,365,365,366,365,365,365,366,365,365,365,366,365,273,0,0,0,0,0,0,0,0,0
07052500,11688,365,365,365,366,365,365,365,366,365,365,365,366,365,365,365,366,365,365,365,366,365,365,365,366,365,365,365,366,365,365,365
07056000,11688,365,365,365,366,365,365,365,366,365,365,365,366,365,365,365,366,365,365,365,366,365,365,365,366,365,365,365,366,365,365,365
07057500,11688,365,365,365,366,365,365,365,366,365,365,365,366,365,365,365,366,365,365,365,366,365,365,365,366,365,365,365,366,365,365,365
07058000,11688,365,365,365,366,365,365,365,366,365,365,365,366,365,365,365,366,365,365,365,366,365,365,365,366,365,365,365,366,365,365,365
07067000,11688,365,365,365,366,365,365,365,366,365,365,365,366,365,365,365,366,365,365,365,366,365,365,365,366,365,365,365,366,365,365,365
07068000,11688,365,365,365,366,365,365,365,366,365,365,365,366,365,365,365,366,365,365,365,366,365,365,365,366,365,365,365,366,365,365,365
07069500,11688,365,365,365,366,365,365,365,366,365,365,365,366,365,365,365,366,365,365,365,366,365,365,365,366,365,365,365,366,365,365,365
07072000,11688,365,365,365,366,365,365,365,366,365,365,365,366,365,365,365,366,365,365,365,366,365,365,365,366,365,365,365,366,365,365,365
07144200,11688,365,365,365,366,365,365,365,366,365,365,365,366,365,365,365,366,365,365,365,366,365,365,365,366,365,365,365,366,365,365,365
07144780,5297,0,0,0,0,0,0,0,0,0,0,0,0,0,0,0,0,184,365,365,366,365,365,365,366,365,365,365,366,365,365,365
07147070,6666,0,0,0,0,0,0,0,0,0,0,0,0,92,365,365,366,365,365,365,366,365,365,365,366,365,365,365,366,365,365,365
07147800,11688,365,365,365,366,365,365,365,366,365,365,365,366,365,365,365,366,365,365,365,366,365,365,365,366,365,365,365,366,365,365,365
07152000,11688,365,365,365,366,365,365,365,366,365,365,365,366,365,365,365,366,365,365,365,366,365,365,365,366,365,365,365,366,365,365,365
07163000,11688,365,365,365,366,365,365,365,366,365,365,365,366,365,365,365,366,365,365,365,366,365,365,365,366,365,365,365,366,365,365,365
07172000,11688,365,365,365,366,365,365,365,366,365,365,365,366,365,365,365,366,365,365,365,366,365,365,365,366,365,365,365,366,365,365,365
07177500,11688,365,365,365,366,365,365,365,366,365,365,365,366,365,365,365,366,365,365,365,366,365,365,365,366,365,365,365,366,365,365,365
07183000,11688,365,365,365,366,365,365,365,366,365,365,365,366,365,365,365,366,365,365,365,366,365,365,365,366,365,365,365,366,365,365,365
07186000,11688,365,365,365,366,365,365,365,366,365,365,365,366,365,365,365,366,365,365,365,366,365,365,365,366,365,365,365,366,365,365,365
07196500,11688,365,365,365,366,365,365,365,366,365,365,365,366,365,365,365,366,365,365,365,366,365,365,365,366,365,365,365,366,365,365,365
07197000,11414,365,365,365,366,365,365,365,366,365,365,365,366,365,365,365,366,365,365,365,366,365,365,365,366,365,365,365,366,365,365,365
07211500,9618,365,365,365,366,365,365,365,366,365,273,0,0,0,0,0,214,365,365,365,366,365,365,365,366,365,365,365,366,365,365,365
07221000,11688,365,365,365,366,365,365,365,366,365,365,365,366,365,365,365,366,365,365,365,366,365,365,365,366,365,365,365,366,365,365,365
07243500,11688,365,365,365,366,365,365,365,366,365,365,365,366,365,365,365,366,365,365,365,366,365,365,365,366,365,365,365,366,365,365,365
07252000,11688,365,365,365,366,365,365,365,366,365,365,365,366,365,365,365,366,365,365,365,366,365,365,365,366,365,365,365,366,365,365,365
07261000,9223,0,0,0,0,0,92,365,366,365,365,365,366,365,365,365,366,365,365,365,366,365,365,365,366,365,365,365,366,365,365,365
07288500,11688,365,365,365,366,365,365,365,366,365,365,365,366,365,365,365,366,365,365,365,366,365,365,365,366,365,365,365,366,365,365,365
07290000,11688,365,365,365,366,365,365,365,366,365,365,365,366,365,365,365,366,365,365,365,366,365,365,365,366,365,365,365,366,365,365,365
07307800,5510,0,0,0,0,0,0,0,0,0,0,31,366,365,273,0,0,0,0,92,366,365,365,365,366,365,365,365,366,365,365,365
07340000,11688,365,365,365,366,365,365,365,366,365,365,365,366,365,365,365,366,365,365,365,366,365,365,365,366,365,365,365,366,365,365,365
07346000,4475,365,365,365,366,365,365,365,366,365,365,365,0,0,0,0,0,0,0,0,0,0,0,0,0,0,0,0,0,0,0,92
07346050,6209,0,0,0,0,0,0,0,0,0,0,0,0,0,0,365,366,365,365,365,366,365,365,365,366,365,365,365,366,365,365,365
07346070,11323,365,365,365,366,365,365,365,366,365,365,365,274,92,365,365,366,365,365,365,366,365,365,365,366,365,365,365,366,365,365,365
07363500,11688,365,365,365,366,365,365,365,366,365,365,365,366,365,365,365,366,365,365,365,366,365,365,365,366,365,365,365,366,365,365,365
07375500,11688,365,365,365,366,365,365,365,366,365,365,365,366,365,365,365,366,365,365,365,366,365,365,365,366,365,365,365,366,365,365,365
07378000,11688,365,365,365,366,365,365,365,366,365,365,365,366,365,365,365,366,365,365,365,366,365,365,365,366,365,365,365,366,365,365,365
07378500,11688,365,365,365,366,365,365,365,366,365,365,365,366,365,365,365,366,365,365,365,366,365,365,365,366,365,365,365,366,365,365,365
08013500,11688,365,365,365,366,365,365,365,366,365,365,365,366,365,365,365,366,365,365,365,366,365,365,365,366,365,365,365,366,365,365,365
08015500,10227,365,365,365,366,365,365,365,366,273,0,0,0,92,365,365,366,365,365,365,366,365,365,365,366,365,365,365,366,365,365,365
08032000,11688,365,365,365,366,365,365,365,366,365,365,365,366,365,365,365,366,365,365,365,366,365,365,365,366,365,365,365,366,365,365,365
08033500,11688,365,365,365,366,365,365,365,366,365,365,365,366,365,365,365,366,365,365,365,366,365,365,365,366,365,365,365,366,365,365,365
08055500,11688,365,365,365,366,365,365,365,366,365,365,365,366,365,365,365,366,365,365,365,366,365,365,365,366,365,365,365,366,365,365,365
08085500,11688,365,365,365,366,365,365,365,366,365,365,365,366,365,365,365,366,365,365,365,366,365,365,365,366,365,365,365,366,365,365,365
08095000,11688,365,365,365,366,365,365,365,366,365,365,365,366,365,365,365,366,365,365,365,366,365,365,365,366,365,365,365,366,365,365,365
08103800,6301,0,0,0,0,0,0,0,0,0,0,0,0,0,92,365,366,365,365,365,366,365,365,365,366,365,365,365,366,365,365,365
08146000,11688,365,365,365,366,365,365,365,366,365,365,365,366,365,365,365,366,365,365,365,366,365,365,365,366,365,365,365,366,365,365,365
08150000,11688,365,365,365,366,365,365,365,366,365,365,365,366,365,365,365,366,365,365,365,366,365,365,365,366,365,365,365,366,365,365,365
08150700,4317,0,0,0,0,0,0,0,0,0,0,0,0,0,0,0,0,0,0,0,300,365,365,365,366,365,365,365,366,365,365,365
08167500,11688,365,365,365,366,365,365,365,366,365,365,365,366,365,365,365,366,365,365,365,366,365,365,365,366,365,365,365,366,365,365,365
08171000,11688,365,365,365,366,365,365,365,366,365,365,365,366,365,365,365,366,365,365,365,366,365,365,365,366,365,365,365,366,365,365,365
08171300,8614,0,0,0,0,0,0,0,214,365,365,365,366,365,365,365,366,365,365,365,366,365,365,365,366,365,365,365,366,365,365,365
08172000,11688,365,365,365,366,365,365,365,366,365,365,365,366,365,365,365,366,365,365,365,366,365,365,365,366,365,365,365,366,365,365,365
08189500,11688,365,365,365,366,365,365,365,366,365,365,365,366,365,365,365,366,365,365,365,366,365,365,365,366,365,365,365,366,365,365,365
08205500,11688,365,365,365,366,365,365,365,366,365,365,365,366,365,365,365,366,365,365,365,366,365,365,365,366,365,365,365,366,365,365,365
08340500,11688,365,365,365,366,365,365,365,366,365,365,365,366,365,365,365,366,365,365,365,366,365,365,365,366,365,365,365,366,365,365,365
09132500,11688,365,365,365,366,365,365,365,366,365,365,365,366,365,365,365,366,365,365,365,366,365,365,365,366,365,365,365,366,365,365,365
09251000,11688,365,365,365,366,365,365,365,366,365,365,365,366,365,365,365,366,365,365,365,366,365,365,365,366,365,365,365,366,365,365,365
09292500,11688,365,365,365,366,365,365,365,366,365,365,365,366,365,365,365,366,365,365,365,366,365,365,365,366,365,365,365,366,365,365,365
09299500,11688,365,365,365,366,365,365,365,366,365,365,365,366,365,365,365,366,365,365,365,366,365,365,365,366,365,365,365,366,365,365,365
09430500,11688,365,365,365,366,365,365,365,366,365,365,365,366,365,365,365,366,365,365,365,366,365,365,365,366,365,365,365,366,365,365,365
09431500,9131,365,365,365,366,365,365,273,0,0,0,0,0,0,92,365,366,365,365,365,366,365,365,365,366,365,365,365,366,365,365,365
09442692,4932,0,0,0,0,0,0,0,0,0,0,0,0,0,0,0,0,0,184,365,366,365,365,365,366,365,365,365,366,365,365,365
09444500,11688,365,365,365,366,365,365,365,366,365,365,365,366,365,365,365,366,365,365,365,366,365,365,365,366,365,365,365,366,365,365,365
09497500,11688,365,365,365,366,365,365,365,366,365,365,365,366,365,365,365,366,365,365,365,366,365,365,365,366,365,365,365,366,365,365,365
10296000,11688,365,365,365,366,365,365,365,366,365,365,365,366,365,365,365,366,365,365,365,366,365,365,365,366,365,365,365,366,365,365,365
10296500,8255,0,0,0,0,0,0,0,0,220,365,365,366,365,365,365,366,365,365,365,366,365,365,365,366,365,365,365,366,365,365,365
10301500,11688,365,365,365,366,365,365,365,366,365,365,365,366,365,365,365,366,365,365,365,366,365,365,365,366,365,365,365,366,365,365,365
10309000,11688,365,365,365,366,365,365,365,366,365,365,365,366,365,365,365,366,365,365,365,366,365,365,365,366,365,365,365,366,365,365,365
10312000,11688,365,365,365,366,365,365,365,366,365,365,365,366,365,365,365,366,365,365,365,366,365,365,365,366,365,365,365,366,365,365,365
11025500,11688,365,365,365,366,365,365,365,366,365,365,365,366,365,365,365,366,365,365,365,366,365,365,365,366,365,365,365,366,365,365,365
11138500,11688,365,365,365,366,365,365,365,366,365,365,365,366,365,365,365,366,365,365,365,366,365,365,365,366,365,365,365,366,365,365,365
11160000,10472,0,0,245,366,365,365,365,366,365,365,365,366,365,365,365,366,365,365,365,366,365,365,365,366,365,365,365,366,365,365,365
11224500,11688,365,365,365,366,365,365,365,366,365,365,365,366,365,365,365,366,365,365,365,366,365,365,365,366,365,365,365,366,365,365,365
11281000,11688,365,365,365,366,365,365,365,366,365,365,365,366,365,365,365,366,365,365,365,366,365,365,365,366,365,365,365,366,365,365,365
11342000,11688,365,365,365,366,365,365,365,366,365,365,365,366,365,365,365,366,365,365,365,366,365,365,365,366,365,365,365,366,365,365,365
11355500,11688,365,365,365,366,365,365,365,366,365,365,365,366,365,365,365,366,365,365,365,366,365,365,365,366,365,365,365,366,365,365,365
11401500,11688,365,365,365,366,365,365,365,366,365,365,365,366,365,365,365,366,365,365,365,366,365,365,365,366,365,365,365,366,365,365,365
11413000,11688,365,365,365,366,365,365,365,366,365,365,365,366,365,365,365,366,365,365,365,366,365,365,365,366,365,365,365,366,365,365,365
11427000,11688,365,365,365,366,365,365,365,366,365,365,365,366,365,365,365,366,365,365,365,366,365,365,365,366,365,365,365,366,365,365,365
11497500,9588,0,0,0,0,92,365,365,366,365,365,365,366,365,365,365,366,365,365,365,366,365,365,365,366,365,365,365,366,365,365,365
11501000,11688,365,365,365,366,365,365,365,366,365,365,365,366,365,365,365,366,365,365,365,366,365,365,365,366,365,365,365,366,365,365,365
11530000,11688,365,365,365,366,365,365,365,366,365,365,365,366,365,365,365,366,365,365,365,366,365,365,365,366,365,365,365,366,365,365,365
11532500,11688,365,365,365,366,365,365,365,366,365,365,365,366,365,365,365,366,365,365,365,366,365,365,365,366,365,365,365,366,365,365,365
12027500,11688,365,365,365,366,365,365,365,366,365,365,365,366,365,365,365,366,365,365,365,366,365,365,365,366,365,365,365,366,365,365,365
12098500,11688,365,365,365,366,365,365,365,366,365,365,365,366,365,365,365,366,365,365,365,366,365,365,365,366,365,365,365,366,365,365,365
12134500,11688,365,365,365,366,365,365,365,366,365,365,365,366,365,365,365,366,365,365,365,366,365,365,365,366,365,365,365,366,365,365,365
12144500,7792,0,0,0,0,0,0,0,0,0,122,365,366,365,365,365,366,365,365,365,366,365,365,365,366,365,365,365,366,365,365,365
12149000,11688,365,365,365,366,365,365,365,366,365,365,365,366,365,365,365,366,365,365,365,366,365,365,365,366,365,365,365,366,365,365,365
12340000,11688,365,365,365,366,365,365,365,366,365,365,365,366,365,365,365,366,365,365,365,366,365,365,365,366,365,365,365,366,365,365,365
12358500,11688,365,365,365,366,365,365,365,366,365,365,365,366,365,365,365,366,365,365,365,366,365,365,365,366,365,365,365,366,365,365,365
12413000,11688,365,365,365,366,365,365,365,366,365,365,365,366,365,365,365,366,365,365,365,366,365,365,365,366,365,365,365,366,365,365,365
12413500,9040,365,365,365,366,365,365,365,366,365,365,365,366,365,365,365,366,365,365,365,366,365,365,365,274,0,0,0,0,0,0,0
12449500,5387,365,365,365,366,365,365,365,366,365,365,365,366,365,273,0,0,0,0,0,0,0,0,0,0,0,0,0,0,0,0,0
12449950,7580,0,0,0,0,0,0,0,0,0,0,275,366,365,365,365,366,365,365,365,366,365,365,365,366,365,365,365,366,365,365,365
12459000,11688,365,365,365,366,365,365,365,366,365,365,365,366,365,365,365,366,365,365,365,366,365,365,365,366,365,365,365,366,365,365,365
12462500,6301,0,0,0,0,0,0,0,0,0,0,0,0,0,92,365,366,365,365,365,366,365,365,365,366,365,365,365,366,365,365,365
13186000,11688,365,365,365,366,365,365,365,366,365,365,365,366,365,365,365,366,365,365,365,366,365,365,365,366,365,365,365,366,365,365,365
13200000,10684,0,92,365,366,365,365,365,366,365,365,365,366,365,365,365,366,365,365,365,366,365,365,365,366,365,365,365,366,365,365,365
13302500,11688,365,365,365,366,365,365,365,366,365,365,365,366,365,365,365,366,365,365,365,366,365,365,365,366,365,365,365,366,365,365,365
13336500,11688,365,365,365,366,365,365,365,366,365,365,365,366,365,365,365,366,365,365,365,366,365,365,365,366,365,365,365,366,365,365,365
13337000,11688,365,365,365,366,365,365,365,366,365,365,365,366,365,365,365,366,365,365,365,366,365,365,365,366,365,365,365,366,365,365,365
13340600,4634,0,0,0,0,0,0,0,0,0,0,0,0,0,0,0,0,0,0,251,366,365,365,365,366,365,365,365,366,365,365,365
13351000,10554,0,0,327,366,365,365,365,366,365,365,365,366,365,365,365,366,365,365,365,366,365,365,365,366,365,365,365,366,365,365,365
14080500,11688,365,365,365,366,365,365,365,366,365,365,365,366,365,365,365,366,365,365,365,366,365,365,365,366,365,365,365,366,365,365,365
14101500,11323,365,365,365,366,365,365,365,366,365,365,365,366,365,365,365,366,365,365,365,366,365,365,365,366,365,365,365,366,273,92,365
14113000,11688,365,365,365,366,365,365,365,366,365,365,365,366,365,365,365,366,365,365,365,366,365,365,365,366,365,365,365,366,365,365,365
14232500,11688,365,365,365,366,365,365,365,366,365,365,365,366,365,365,365,366,365,365,365,366,365,365,365,366,365,365,365,366,365,365,365
14233400,11688,365,365,365,366,365,365,365,366,365,365,365,366,365,365,365,366,365,365,365,366,365,365,365,366,365,365,365,366,365,365,365
14308000,11688,365,365,365,366,365,365,365,366,365,365,365,366,365,365,365,366,365,365,365,366,365,365,365,366,365,365,365,366,365,365,365
14321000,11688,365,365,365,366,365,365,365,366,365,365,365,366,365,365,365,366,365,365,365,366,365,365,365,366,365,365,365,366,365,365,365
14359000,11688,365,365,365,366,365,365,365,366,365,365,365,366,365,365,365,366,365,365,365,366,365,365,365,366,365,365,365,366,365,365,365
