SITENO,11,12,21,22,23,24,31,41,42,43,52,71,81,82,90,95
01013500,6.37,0.00,1.36,1.00,0.09,0.01,0.09,16.75,14.56,33.04,4.70,3.44,2.59,2.38,13.21,0.42
01022500,2.98,0.00,1.44,1.01,0.06,0.01,0.19,11.90,30.17,24.16,5.96,3.66,0.04,0.07,17.44,0.90
01030500,2.77,0.00,1.40,0.88,0.07,0.00,0.10,10.21,15.56,38.19,3.52,1.51,2.49,0.35,22.33,0.62
01031500,2.24,0.00,1.83,0.76,0.11,0.02,0.09,20.37,14.21,40.11,6.53,2.17,1.83,0.04,9.28,0.40
01047000,0.89,0.00,1.64,1.07,0.13,0.01,0.21,32.81,16.59,29.17,5.41,2.17,1.22,0.06,8.41,0.21
01048000,1.32,0.00,2.76,1.30,0.29,0.04,0.27,32.37,8.32,35.12,3.89,2.57,4.48,0.27,6.77,0.24
01052500,0.30,0.00,0.68,0.16,0.00,0.00,0.00,47.62,19.09,20.06,3.28,2.96,0.00,0.00,5.84,0.01
01054200,0.03,0.00,0.30,0.08,0.01,0.00,0.02,42.96,30.73,24.81,0.20,0.05,0.00,0.00,0.75,0.05
01055000,0.14,0.00,1.18,0.62,0.02,0.00,0.13,42.99,18.60,23.33,6.67,4.42,0.37,0.00,1.50,0.02
01055500,1.42,0.00,3.84,1.57,0.27,0.03,0.42,29.98,6.73,35.17,1.57,1.16,6.96,0.49,9.97,0.42
01057000,1.53,0.00,3.43,1.61,0.25,0.01,0.28,33.40,10.37,36.91,1.85,1.41,3.55,0.01,5.21,0.18
01060000,0.89,0.00,6.85,3.87,1.01,0.15,1.48,10.24,12.68,37.14,0.78,0.94,9.94,0.49,12.19,1.35
01064500,0.48,0.00,2.58,1.60,0.44,0.08,0.74,31.32,31.31,26.89,1.07,0.46,0.81,0.15,1.94,0.14
01073000,1.25,0.00,5.93,3.37,1.01,0.37,1.96,13.64,11.02,39.58,0.89,1.16,4.71,0.03,14.49,0.61
01076500,0.52,0.00,1.99,1.28,0.43,0.03,0.39,36.01,24.79,29.16,1.08,0.77,1.20,0.05,2.16,0.13
01078000,0.64,0.00,3.15,1.14,0.11,0.01,0.49,28.58,13.85,38.32,1.93,1.79,2.30,0.08,7.34,0.28
01118300,0.21,0.00,5.76,0.41,0.00,0.00,0.00,71.33,0.26,2.84,1.17,0.26,2.34,1.19,14.16,0.09
01121000,1.30,0.00,6.39,0.93,0.26,0.01,0.01,63.05,0.47,7.69,0.08,0.21,5.53,0.24,13.21,0.60
01123000,0.30,0.00,6.92,0.86,0.08,0.00,0.14,60.04,1.29,5.55,0.32,0.33,6.50,1.21,15.06,1.39
01127000,2.45,0.00,8.51,4.10,1.70,0.38,0.64,36.53,4.09,17.05,0.32,0.52,6.07,1.49,15.60,0.54
01134500,0.07,0.00,0.91,0.26,0.01,0.00,0.02,52.22,12.04,23.28,2.66,1.30,0.32,0.00,6.71,0.19
01137500,0.02,0.00,1.81,1.51,0.34,0.01,1.35,26.54,41.67,21.91,1.36,0.91,0.04,0.00,2.50,0.04
01139000,1.28,0.00,2.44,1.36,0.33,0.03,0.20,38.93,11.35,26.23,1.51,1.17,6.91,0.04,7.98,0.25
01139800,0.03,0.00,2.25,0.37,0.01,0.00,0.00,62.56,3.49,24.92,1.05,0.48,3.74,0.00,1.01,0.11
01142500,0.05,0.00,3.94,1.50,0.17,0.03,0.03,38.61,11.20,19.97,0.25,0.07,20.05,0.62,3.28,0.24
01144000,0.26,0.00,3.18,1.05,0.23,0.02,0.10,48.60,9.53,24.30,0.62,0.28,9.60,0.21,1.91,0.11
01162500,2.79,0.00,3.97,1.43,0.34,0.02,0.19,11.72,21.49,32.86,1.29,2.33,1.51,0.00,19.08,0.96
01169000,0.15,0.00,3.95,0.71,0.10,0.00,0.15,29.35,11.14,43.31,0.29,0.41,6.74,0.13,3.38,0.18
01170100,0.37,0.00,2.52,0.21,0.03,0.00,0.01,37.49,7.91,44.94,0.17,0.31,3.37,0.02,2.58,0.05
01181000,1.16,0.00,4.89,0.78,0.13,0.00,0.04,47.43,2.53,34.42,0.16,0.37,1.32,0.00,6.70,0.07
01187300,1.78,0.00,3.02,0.19,0.01,0.00,0.00,28.74,5.34,49.27,0.25,0.38,0.62,0.00,10.24,0.16
01195100,0.14,0.00,18.36,4.97,0.79,0.03,0.00,62.92,0.02,0.99,0.15,0.49,0.93,0.00,10.20,0.02
01197500,2.19,0.00,7.54,4.56,1.76,0.60,0.55,38.09,4.77,21.72,0.19,0.14,5.94,0.18,11.14,0.64
01200000,1.09,0.00,6.53,2.26,0.61,0.09,0.35,47.34,1.55,6.04,0.06,0.14,20.31,5.09,7.42,1.12
01321000,3.13,0.00,0.77,0.41,0.05,0.00,0.07,64.02,7.38,15.41,0.09,0.15,0.03,0.00,8.27,0.22
01333000,0.01,0.00,4.16,1.43,0.39,0.10,0.03,70.72,2.13,7.02,0.01,0.05,11.39,0.47,1.99,0.09
01334500,0.35,0.00,4.81,2.45,1.00,0.23,0.39,59.66,3.28,11.11,0.15,0.17,11.11,1.18,3.85,0.25
01348000,2.26,0.00,2.18,0.60,0.12,0.02,0.06,51.89,9.44,15.92,0.27,0.18,5.77,0.47,10.66,0.17
01350000,0.31,0.00,4.47,1.30,0.29,0.02,0.12,51.08,8.41,24.63,0.14,0.36,6.48,0.05,2.16,0.17
01350080,0.08,0.00,4.59,0.53,0.05,0.00,0.11,36.55,11.84,29.57,0.20,0.30,12.71,0.00,3.24,0.22
01350140,0.44,0.00,5.87,0.72,0.10,0.00,0.01,36.85,7.55,30.85,0.18,0.60,12.84,0.02,3.90,0.06
01365000,0.03,0.00,1.21,0.12,0.01,0.00,0.01,82.69,1.96,12.31,0.01,0.02,1.29,0.00,0.29,0.04
01371500,1.23,0.00,9.56,5.53,1.92,0.45,0.21,43.50,0.22,2.57,0.11,0.13,17.81,4.31,11.41,1.04
01372500,0.76,0.00,9.25,3.63,0.86,0.21,0.24,51.21,0.57,4.70,0.06,0.11,19.48,1.08,7.08,0.75
01411300,0.10,0.00,3.66,1.56,0.32,0.01,0.26,32.13,1.61,21.41,2.79,0.21,1.94,3.04,30.91,0.05
01413500,0.08,0.00,4.39,1.05,0.23,0.02,0.01,69.84,1.36,10.78,0.05,0.05,10.94,0.02,1.08,0.11
01414500,0.12,0.00,1.86,0.10,0.00,0.00,0.11,75.97,1.92,13.62,0.04,0.06,5.63,0.00,0.50,0.07
01415000,0.29,0.00,4.04,0.75,0.10,0.00,0.03,67.80,1.14,6.27,0.02,0.06,18.12,0.01,1.22,0.14
01421000,1.51,0.00,3.58,0.79,0.19,0.01,0.09,71.50,1.48,12.37,0.08,0.15,6.82,0.06,1.26,0.09
01423000,0.23,0.00,5.42,1.15,0.27,0.06,0.05,58.54,1.13,4.72,0.02,0.04,26.24,0.80,1.06,0.26
01426500,1.42,0.00,4.97,1.10,0.26,0.04,0.19,59.26,1.80,8.96,0.18,0.19,19.74,0.60,1.04,0.26
01434025,0.00,0.00,0.00,0.00,0.00,0.00,0.00,98.14,0.29,1.57,0.00,0.00,0.00,0.00,0.00,0.00
01435000,0.09,0.00,1.56,0.27,0.02,0.00,0.02,76.69,5.01,14.67,0.16,0.13,0.66,0.00,0.70,0.02
01439500,1.93,0.00,5.37,0.90,0.13,0.01,0.02,76.90,0.26,4.00,0.38,0.12,0.04,0.00,9.79,0.15
01440000,0.70,0.00,3.18,0.67,0.10,0.01,0.00,69.10,0.72,11.63,0.26,0.07,3.62,0.03,9.63,0.29
01440400,1.11,0.00,7.05,0.85,0.20,0.02,0.07,70.50,0.87,11.43,0.05,0.31,1.02,0.00,6.42,0.10
01445000,2.38,0.00,11.03,4.99,1.04,0.12,0.02,49.66,0.13,1.79,0.11,0.20,10.09,3.85,14.15,0.45
01445500,1.16,0.00,9.11,4.32,1.02,0.10,0.07,46.77,0.06,1.72,0.27,0.11,12.08,6.93,15.77,0.52
01451800,0.09,0.00,9.04,6.27,0.97,0.15,0.00,26.85,0.10,2.35,0.12,0.01,18.19,35.60,0.26,0.00
01466500,0.00,0.00,1.66,0.13,0.00,0.00,0.69,0.00,71.35,10.06,0.04,0.00,0.00,0.00,16.05,0.00
01484100,0.00,0.00,3.48,3.89,0.21,0.00,0.00,3.97,0.80,8.42,0.19,0.00,0.00,53.42,25.61,0.00
01485500,0.04,0.00,4.11,1.88,0.28,0.01,0.02,0.14,15.50,4.44,2.57,0.49,0.68,17.57,52.25,0.02
01486000,0.02,0.00,5.03,5.30,3.49,1.02,0.00,0.37,10.57,3.68,1.41,0.67,0.04,28.76,39.65,0.00
01487000,0.05,0.00,3.80,5.20,1.17,0.30,0.00,1.92,2.56,4.21,0.31,0.32,0.00,53.58,26.55,0.03
01491000,0.18,0.00,5.20,3.67,0.37,0.04,0.12,5.40,0.75,3.13,0.49,0.01,0.17,46.45,34.01,0.01
01500500,1.58,0.00,5.74,1.52,0.44,0.07,0.06,37.33,4.97,14.01,0.19,0.09,24.69,1.91,6.49,0.88
01503000,1.15,0.00,5.53,1.63,0.40,0.05,0.15,38.81,4.67,14.93,0.15,0.11,24.21,2.46,5.07,0.67
01510000,0.19,0.00,4.06,1.20,0.11,0.00,0.01,44.63,7.64,12.73,0.31,0.26,22.92,2.19,3.43,0.31
01512500,0.78,0.00,5.03,2.11,0.50,0.10,0.09,39.02,4.90,11.66,0.17,0.12,25.97,4.61,4.50,0.43
01516500,0.28,0.00,6.54,1.37,0.24,0.02,0.00,34.80,0.62,11.92,0.00,1.08,41.08,0.72,1.14,0.20
01518000,0.45,0.00,4.97,1.68,0.72,0.08,0.74,48.62,1.73,13.20,0.27,0.78,24.93,0.34,1.32,0.17
01518862,0.21,0.00,5.45,1.22,0.22,0.03,0.11,47.41,0.93,8.90,0.18,0.08,32.36,2.52,0.29,0.08
01520000,0.67,0.00,5.31,1.45,0.21,0.03,0.08,40.45,1.05,14.22,0.07,0.10,34.13,1.80,0.27,0.17
01520500,0.63,0.00,5.22,1.55,0.46,0.05,0.35,43.45,1.36,14.77,0.14,0.35,29.51,1.18,0.79,0.21
01531000,0.58,0.00,5.43,2.63,0.80,0.16,0.23,40.14,1.79,15.21,0.10,0.19,26.74,4.13,1.60,0.27
01532000,0.34,0.00,4.22,1.08,0.24,0.02,0.29,48.80,1.08,14.90,0.26,0.32,23.66,2.36,2.15,0.28
01534000,1.22,0.00,7.69,2.32,0.58,0.06,0.19,39.76,1.29,15.18,0.02,0.16,26.13,0.54,4.28,0.59
01539000,0.35,0.00,5.44,1.34,0.17,0.01,0.03,39.75,1.81,27.72,0.05,0.22,14.61,6.50,1.89,0.11
01541000,0.10,0.00,5.82,1.94,0.36,0.03,3.30,46.45,1.82,19.27,0.19,0.70,15.69,3.92,0.41,0.01
01541500,0.83,0.00,5.01,1.77,0.31,0.03,5.90,47.13,2.31,20.42,0.18,1.04,12.39,2.30,0.38,0.01
01542810,0.00,0.00,1.09,0.03,0.00,0.00,0.01,84.62,0.06,9.02,2.29,1.88,0.58,0.00,0.39,0.03
01543000,0.04,0.00,2.07,0.63,0.19,0.05,0.09,71.45,0.48,15.82,2.35,3.74,2.23,0.00,0.80,0.05
01543500,0.13,0.00,2.01,0.52,0.12,0.02,0.33,72.69,0.85,16.62,1.18,2.22,2.38,0.02,0.85,0.08
01544500,0.00,0.00,1.59,0.19,0.01,0.00,0.33,71.99,1.17,16.73,1.16,2.30,3.82,0.38,0.32,0.01
01545600,0.00,0.00,0.94,0.04,0.00,0.00,0.02,61.03,2.09,32.89,0.89,1.77,0.02,0.00,0.29,0.01
01547700,0.00,0.00,4.03,1.44,0.17,0.01,0.03,64.33,0.69,14.61,0.01,0.37,13.11,1.19,0.01,0.00
01548500,0.17,0.00,2.90,0.69,0.12,0.03,0.47,61.52,1.28,19.99,0.55,1.44,8.84,0.92,0.83,0.25
01549500,0.05,0.00,4.05,1.68,0.71,0.03,0.07,48.85,2.76,22.61,0.06,0.43,17.51,0.67,0.47,0.05
01550000,0.13,0.00,2.81,0.42,0.09,0.01,0.11,64.32,1.66,16.24,0.50,0.60,11.35,0.47,1.20,0.08
01552000,0.39,0.00,3.35,0.51,0.07,0.01,0.26,49.74,2.73,30.27,0.38,0.61,8.23,0.48,2.78,0.20
01552500,0.16,0.00,4.09,0.30,0.02,0.00,0.17,66.42,1.21,22.06,0.12,0.32,4.20,0.00,0.89,0.03
01556000,0.23,0.00,7.14,5.59,3.05,0.87,0.78,61.09,0.07,2.58,0.05,0.27,9.88,8.33,0.07,0.01
01557500,0.02,0.00,5.01,2.23,1.39,0.22,0.26,71.38,0.42,11.98,0.04,1.48,5.13,0.09,0.34,0.00
01558000,0.11,0.00,5.58,3.46,2.15,0.58,0.71,63.94,0.22,8.21,0.03,0.63,7.07,7.19,0.12,0.00
01559000,0.18,0.00,5.76,3.57,1.86,0.50,0.50,59.68,0.42,5.45,0.08,0.36,9.93,11.62,0.10,0.01
01560000,0.05,0.00,5.54,2.27,0.61,0.14,0.16,58.98,0.22,3.82,0.15,0.38,20.07,7.58,0.03,0.00
01562000,0.29,0.00,5.08,2.09,0.76,0.12,0.31,59.83,0.37,4.31,0.07,0.44,17.65,8.64,0.03,0.00
01567000,0.68,0.00,4.97,2.34,0.95,0.21,0.30,60.43,0.71,6.75,0.11,0.39,12.91,9.04,0.20,0.00
01567500,0.00,0.00,5.20,1.15,0.32,0.01,0.00,44.19,0.95,4.35,0.01,0.05,23.02,19.93,0.82,0.00
01568000,0.07,0.00,4.10,1.27,0.26,0.01,0.02,60.88,0.30,6.48,0.14,0.48,16.41,9.29,0.30,0.00
01574000,0.54,0.00,8.34,7.56,2.33,0.47,0.41,23.41,0.49,4.65,0.18,0.13,25.68,23.81,1.94,0.07
01580000,0.11,0.00,8.89,3.76,0.81,0.17,0.00,33.02,0.16,3.62,0.10,0.02,17.76,31.09,0.43,0.07
01583500,0.09,0.00,8.71,2.54,0.81,0.23,0.01,33.50,0.15,5.03,0.14,0.03,29.62,18.88,0.25,0.02
01586610,0.01,0.00,11.69,4.69,0.38,0.02,0.00,31.49,0.23,2.90,0.03,0.00,26.63,20.40,1.52,0.02
01591400,0.32,0.00,13.48,4.17,1.28,0.06,0.00,21.30,0.07,3.42,0.02,0.03,36.54,16.85,2.38,0.06
01594950,0.00,0.00,4.43,0.28,0.12,0.00,4.67,48.72,0.55,27.82,0.00,1.17,12.22,0.00,0.03,0.00
01595000,0.15,0.00,3.95,0.77,0.14,0.01,6.89,59.54,0.95,9.86,1.82,4.14,10.13,0.00,1.38,0.26
01596500,0.09,0.00,3.64,0.74,0.26,0.00,1.00,50.93,3.30,25.53,0.50,0.32,12.62,0.14,0.91,0.04
01605500,0.01,0.00,3.44,0.46,0.12,0.02,1.02,57.76,1.22,10.73,0.04,0.37,24.77,0.02,0.00,0.00
01606500,0.04,0.00,2.75,0.42,0.09,0.01,1.06,68.65,1.45,10.42,0.03,0.25,14.52,0.29,0.01,0.00
01608500,0.17,0.00,3.09,0.75,0.26,0.04,0.64,64.10,1.80,13.07,0.04,0.39,14.79,0.86,0.01,0.00
01610000,0.31,0.00,3.77,1.26,0.48,0.10,1.38,66.68,1.29,9.62,0.13,0.82,13.45,0.54,0.11,0.04
01611500,0.19,0.00,3.63,0.73,0.20,0.01,0.09,69.98,1.37,9.71,0.06,0.81,12.94,0.25,0.04,0.00
01613050,0.00,0.00,4.23,0.84,0.06,0.00,0.00,64.77,0.49,8.95,0.01,0.12,19.73,0.74,0.07,0.00
01620500,0.00,0.00,2.15,0.10,0.00,0.00,0.00,51.60,6.19,39.96,0.00,0.00,0.00,0.00,0.00,0.00
01628500,0.13,0.00,6.43,3.90,1.50,0.45,0.11,35.14,1.27,11.61,0.05,0.28,32.96,6.12,0.05,0.01
01631000,0.35,0.00,6.32,3.40,1.21,0.33,0.11,41.59,1.19,10.87,0.05,0.36,29.25,4.92,0.04,0.01
01632000,0.02,0.00,2.79,0.48,0.12,0.00,0.06,63.53,1.48,23.02,0.04,0.30,7.93,0.21,0.00,0.00
01632900,0.04,0.00,5.94,3.14,0.97,0.12,0.00,34.57,1.81,6.35,0.00,0.35,42.94,3.76,0.00,0.00
01634000,0.22,0.00,5.55,2.40,0.69,0.11,0.06,43.02,1.28,12.05,0.03,0.28,30.05,4.25,0.00,0.00
01634500,0.05,0.00,3.91,0.39,0.01,0.00,0.04,71.25,1.30,12.86,0.21,1.21,8.63,0.13,0.00,0.00
01638480,0.25,0.00,7.21,1.62,0.45,0.08,0.00,25.81,0.21,3.15,0.00,0.08,55.57,4.59,0.90,0.07
01639500,0.07,0.00,7.28,4.00,0.80,0.08,0.00,22.66,0.13,3.39,0.02,0.02,29.89,29.79,1.79,0.09
01643000,0.26,0.00,7.63,5.48,2.11,0.37,0.28,26.50,0.19,3.28,0.04,0.06,29.85,22.36,1.50,0.07
01644000,0.31,0.00,5.82,1.31,0.33,0.03,0.00,34.83,0.21,3.44,0.01,0.18,50.70,2.27,0.52,0.03
01649500,0.22,0.00,18.10,27.61,16.53,3.99,0.91,12.65,1.18,7.13,0.45,0.04,3.18,3.86,4.10,0.04
01658500,0.00,0.00,5.06,1.09,0.61,0.03,0.00,38.15,7.58,34.13,1.92,1.48,0.62,0.00,9.32,0.00
01663500,0.16,0.00,3.49,0.32,0.05,0.00,0.03,56.62,0.86,9.78,0.03,0.23,27.87,0.40,0.15,0.01
01664000,0.22,0.00,4.24,0.49,0.13,0.02,0.01,50.35,0.87,8.74,0.03,0.33,32.19,1.86,0.49,0.03
01666500,0.17,0.00,4.83,0.66,0.17,0.04,0.06,47.31,1.51,11.44,0.23,0.40,29.42,3.45,0.29,0.02
01667500,0.19,0.00,4.68,0.73,0.20,0.04,0.10,44.57,1.69,10.75,0.19,0.57,31.05,4.87,0.35,0.02
01668000,0.46,0.00,5.07,1.19,0.37,0.08,0.08,41.95,2.71,11.03,0.41,0.78,29.60,4.73,1.45,0.09
01669000,0.22,0.00,3.32,0.94,0.05,0.00,0.04,5.41,23.64,27.97,3.00,4.63,0.28,22.38,8.02,0.08
01669520,0.14,0.00,2.73,0.66,0.06,0.01,0.37,0.71,36.44,17.29,4.58,5.39,0.19,18.43,12.98,0.02
01672500,0.44,0.00,6.01,1.40,0.28,0.09,0.14,24.47,12.21,22.12,2.10,3.53,19.08,2.59,5.47,0.07
01674500,0.71,0.00,5.17,1.95,0.45,0.07,0.19,13.76,17.24,26.55,4.45,4.12,4.92,9.26,11.08,0.08
02011400,0.01,0.00,2.90,0.28,0.05,0.00,0.80,66.31,0.62,13.41,0.12,0.49,15.00,0.00,0.02,0.00
02011460,0.60,0.00,2.07,0.31,0.08,0.03,1.02,78.04,0.17,8.84,0.00,0.18,8.58,0.00,0.03,0.05
02013000,0.01,0.00,2.53,0.76,0.22,0.00,0.05,74.94,0.58,14.60,0.11,0.83,5.26,0.11,0.01,0.00
02014000,0.01,0.00,2.86,0.22,0.01,0.00,0.01,72.19,0.74,16.22,0.16,1.04,6.53,0.00,0.02,0.00
02015700,0.01,0.00,2.58,0.18,0.06,0.01,0.36,63.31,1.38,15.37,0.13,0.55,16.02,0.06,0.01,0.00
02016000,0.10,0.00,2.33,0.40,0.06,0.01,0.13,56.52,3.29,27.57,0.16,0.61,8.60,0.19,0.02,0.02
02017500,0.08,0.00,2.95,0.33,0.05,0.00,0.01,68.56,1.33,20.50,0.12,0.84,5.21,0.00,0.01,0.00
02018000,0.04,0.00,3.03,0.33,0.04,0.00,0.04,64.48,2.34,21.58,0.12,0.99,6.72,0.23,0.05,0.00
02027000,0.06,0.00,3.54,0.31,0.06,0.00,0.05,69.54,0.48,9.86,0.05,0.43,15.35,0.25,0.01,0.01
02027500,0.12,0.00,2.09,0.25,0.07,0.00,0.33,76.49,0.32,8.87,0.15,0.62,10.51,0.17,0.01,0.00
02028500,0.15,0.00,6.94,0.84,0.15,0.01,0.02,71.73,1.11,4.81,0.06,0.43,13.74,0.00,0.02,0.00
02030500,0.21,0.00,4.01,0.79,0.12,0.01,0.01,19.79,27.13,20.38,3.82,10.94,11.50,0.03,1.23,0.01
02038850,0.20,0.00,4.09,0.22,0.07,0.00,0.00,34.62,25.35,27.18,1.93,2.50,3.17,0.00,0.66,0.00
02046000,0.39,0.00,4.00,1.21,0.13,0.00,0.03,5.31,30.72,25.78,5.85,8.76,8.60,4.30,4.91,0.01
02051000,0.14,0.00,4.97,1.18,0.23,0.07,0.00,21.63,22.52,20.93,3.72,10.92,10.62,0.03,3.03,0.00
02051500,0.23,0.00,4.30,1.29,0.21,0.06,0.01,13.20,28.08,22.30,4.25,7.87,14.53,1.35,2.31,0.02
02053200,0.10,0.00,2.57,2.70,0.23,0.02,0.03,0.44,27.14,9.57,2.88,2.32,0.03,34.13,17.80,0.05
02053800,0.02,0.00,5.73,1.08,0.20,0.01,0.02,52.39,1.40,24.52,0.02,0.92,13.43,0.14,0.09,0.05
02055000,0.07,0.00,10.05,6.71,2.79,0.94,0.20,52.36,1.21,14.20,0.05,0.83,10.49,0.07,0.02,0.01
02055100,0.34,0.00,15.47,5.84,0.90,0.26,0.00,31.09,0.91,5.10,0.04,0.17,39.88,0.00,0.00,0.00
02056900,0.07,0.00,6.23,1.04,0.29,0.05,0.00,45.76,1.26,15.06,0.30,1.15,25.06,3.71,0.02,0.00
02058400,0.16,0.00,5.93,1.32,0.33,0.13,0.04,41.67,5.44,14.96,1.00,3.19,23.79,1.90,0.14,0.01
02059500,0.13,0.00,6.10,1.32,0.31,0.05,0.13,45.87,2.88,10.55,0.65,1.92,29.88,0.16,0.03,0.00
02064000,0.23,0.00,5.67,1.48,0.28,0.05,0.00,21.88,14.96,16.19,2.87,7.31,26.19,2.36,0.52,0.01
02065500,0.11,0.00,4.61,0.77,0.03,0.00,0.00,27.77,14.41,17.70,2.95,5.91,21.27,1.27,3.21,0.00
02069700,0.07,0.00,6.50,1.24,0.52,0.11,0.01,54.86,1.65,14.84,0.34,1.04,18.49,0.32,0.02,0.00
02070000,0.11,0.00,6.33,1.04,0.17,0.01,0.00,44.47,6.91,19.22,2.06,4.02,15.29,0.34,0.03,0.00
02074500,0.23,0.00,5.80,2.12,0.20,0.02,0.00,28.78,13.59,14.77,2.04,5.29,26.25,0.83,0.08,0.00
02077200,0.45,0.00,3.76,2.69,0.09,0.01,0.00,36.37,7.01,19.08,2.81,2.61,21.72,2.42,0.95,0.01
02081500,0.55,0.00,4.77,1.60,0.13,0.01,0.07,22.18,16.75,19.12,3.00,4.11,21.54,4.03,2.12,0.01
02082950,0.13,0.00,3.92,1.26,0.09,0.01,0.04,3.39,41.37,20.83,6.94,4.98,5.88,4.81,6.34,0.01
02083500,0.56,0.00,4.65,3.75,0.72,0.21,0.06,5.72,21.30,17.51,2.83,2.55,8.77,18.79,12.52,0.05
02092500,0.11,0.00,2.74,1.44,0.24,0.01,0.00,0.04,26.88,2.47,4.02,2.71,0.06,25.66,33.31,0.30
02096846,0.29,0.00,6.69,0.77,0.07,0.00,0.00,32.58,14.63,23.03,1.25,3.27,14.61,2.73,0.07,0.00
02102000,0.93,0.00,8.56,5.10,1.85,0.60,0.12,25.78,14.65,13.49,2.69,3.86,19.88,1.49,1.00,0.01
02102908,0.00,0.00,4.27,0.97,0.00,0.00,17.69,0.05,52.19,0.12,5.67,7.71,0.00,0.01,11.32,0.00
02108000,0.29,0.00,4.44,2.51,0.48,0.07,0.00,0.12,17.34,4.75,2.73,1.42,0.30,43.66,21.76,0.13
02111180,0.02,0.00,5.59,0.65,0.05,0.00,0.04,58.73,1.36,29.79,0.02,0.61,3.06,0.00,0.07,0.00
02111500,0.02,0.00,7.07,1.01,0.16,0.02,0.01,47.05,2.43,31.14,0.66,1.13,9.22,0.02,0.06,0.00
02112120,0.01,0.00,5.24,0.57,0.16,0.01,0.22,50.79,2.75,25.20,0.68,1.39,12.87,0.02,0.09,0.00
02112360,0.18,0.00,5.57,0.80,0.15,0.01,0.00,42.68,4.65,25.82,1.43,2.39,14.91,1.40,0.00,0.00
02116500,0.44,0.00,10.41,4.62,1.43,0.47,0.06,39.72,2.60,15.63,0.46,1.29,19.69,3.00,0.17,0.00
02118000,0.13,0.00,7.75,1.62,0.49,0.19,0.01,39.55,2.99,7.30,0.58,1.50,30.64,6.86,0.39,0.00
02118500,0.11,0.00,6.58,1.43,0.35,0.04,0.10,46.74,1.73,7.71,0.50,1.56,26.04,7.05,0.06,0.00
02125000,0.12,0.00,6.83,0.89,0.20,0.01,0.00,22.71,6.85,10.77,0.71,1.16,34.61,14.51,0.63,0.01
02126000,0.58,0.00,11.04,7.41,2.86,0.70,0.18,21.56,6.07,9.49,0.65,0.98,24.94,12.64,0.88,0.01
02128000,0.24,0.00,7.10,2.23,0.84,0.34,0.05,41.23,11.44,12.14,3.54,4.60,15.48,0.22,0.54,0.01
02135000,0.49,0.00,5.88,3.93,0.64,0.17,0.25,0.34,16.91,0.69,1.71,2.06,0.53,33.56,32.64,0.20
02137727,0.04,0.00,6.23,1.34,0.46,0.10,0.01,60.53,1.07,22.75,0.36,0.64,6.01,0.36,0.09,0.00
02138500,0.27,0.00,10.34,1.50,0.40,0.03,0.32,26.46,3.11,45.51,0.46,6.18,5.11,0.00,0.31,0.01
02140991,0.01,0.00,3.53,0.30,0.06,0.00,0.02,37.37,7.12,48.24,0.21,0.65,2.30,0.07,0.12,0.00
02143000,0.04,0.00,6.99,1.73,0.24,0.04,0.02,40.93,9.85,26.28,0.96,1.96,10.74,0.20,0.02,0.00
02143040,0.01,0.00,4.47,0.34,0.03,0.00,0.04,39.63,8.63,42.58,0.46,0.46,3.33,0.00,0.02,0.00
02143500,0.20,0.00,9.13,2.67,0.62,0.23,0.09,25.13,4.97,6.84,0.43,1.29,43.15,4.67,0.57,0.01
02149000,0.08,0.00,6.58,0.81,0.03,0.00,0.01,67.03,4.80,10.35,1.83,1.39,7.06,0.03,0.00,0.00
02152100,0.06,0.00,3.52,0.43,0.03,0.02,0.01,58.56,8.91,15.32,3.59,4.23,5.18,0.10,0.05,0.00
02156500,0.76,0.00,8.79,3.34,0.89,0.28,0.15,34.60,12.64,10.35,2.03,2.70,21.50,0.77,1.18,0.02
02165000,0.48,0.00,15.36,13.74,6.39,2.90,0.07,23.92,7.95,5.47,1.30,1.57,18.49,0.16,2.17,0.01
02177000,0.26,0.00,3.10,0.24,0.07,0.01,0.15,23.08,14.88,56.23,0.10,0.13,1.56,0.03,0.18,0.00
02178400,0.03,0.00,1.99,0.14,0.01,0.00,0.00,59.29,1.66,34.52,0.03,0.21,2.07,0.00,0.03,0.00
02192000,0.52,0.00,5.97,1.69,0.58,0.12,0.12,30.91,18.02,8.00,1.92,2.57,25.65,0.31,3.59,0.03
02193340,0.19,0.00,3.54,0.69,0.15,0.01,0.02,13.46,39.85,12.64,5.38,5.79,16.42,0.04,1.81,0.00
02196000,0.36,0.00,4.64,1.50,0.30,0.10,0.04,7.31,53.57,9.35,4.93,5.48,9.62,0.33,2.46,0.01
02198100,0.15,0.00,4.17,0.60,0.00,0.00,0.00,0.42,33.77,0.59,3.24,3.58,0.70,14.70,37.99,0.09
02202500,0.60,0.00,4.20,1.65,0.21,0.04,0.08,3.24,28.99,4.22,2.85,3.53,3.85,21.37,24.95,0.21
02202600,0.48,0.00,4.85,2.40,0.26,0.03,0.02,0.01,23.26,0.05,2.08,1.77,0.08,27.96,36.44,0.31
02212600,0.45,0.00,2.81,0.29,0.02,0.00,0.07,22.40,46.13,16.25,1.54,1.88,2.77,0.00,5.36,0.02
02215100,0.39,0.00,4.77,1.55,0.47,0.07,0.01,2.81,17.26,5.55,1.12,1.12,4.71,42.32,17.62,0.22
02216180,0.84,0.00,4.68,1.51,0.05,0.00,0.03,0.17,34.24,0.46,5.31,4.83,3.61,19.60,24.40,0.26
02217500,0.67,0.00,12.75,9.29,2.76,0.75,0.43,35.82,4.14,5.47,0.28,0.85,23.91,0.03,2.82,0.05
02221525,0.87,0.00,5.19,0.83,0.14,0.04,0.03,24.58,25.70,12.57,3.26,3.26,18.94,0.14,4.46,0.01
02228000,0.62,0.00,5.22,2.32,0.42,0.14,0.09,0.01,28.69,0.07,3.64,3.56,1.54,23.09,29.95,0.64
02231000,0.63,0.00,3.64,2.31,0.18,0.04,0.07,0.00,36.07,0.00,5.49,4.72,3.42,0.13,42.59,0.71
02231342,0.26,0.00,2.19,2.21,0.14,0.01,0.12,0.00,3.73,0.13,1.19,0.00,49.99,3.26,31.30,5.48
02235200,5.05,0.00,5.53,3.77,0.25,0.03,0.46,0.00,30.52,0.00,2.36,0.84,22.36,0.29,27.27,1.27
02236000,4.39,0.00,5.22,9.39,4.19,0.62,0.12,0.00,9.83,0.53,2.75,0.20,18.81,1.92,34.13,7.90
02245500,0.80,0.00,3.94,2.21,0.15,0.03,1.56,0.00,51.77,0.00,12.15,6.76,4.81,0.02,15.63,0.17
02246000,1.84,0.00,5.86,5.17,1.07,0.39,3.10,0.01,46.81,0.00,8.38,5.28,3.70,0.00,17.82,0.56
02296500,0.15,0.00,3.10,2.72,0.16,0.01,0.02,0.00,2.52,0.02,2.02,0.01,45.39,14.84,26.53,2.50
02296750,5.41,0.00,4.79,6.51,2.65,0.64,2.93,0.00,1.91,0.01,0.95,1.09,32.34,13.03,22.66,5.09
02297155,8.94,0.00,0.45,0.92,0.11,0.01,20.72,0.00,2.88,0.03,2.60,1.18,25.41,3.88,21.45,11.42
02297310,2.27,0.00,1.71,0.89,0.07,0.01,4.52,0.00,2.28,0.07,3.93,0.26,41.06,9.27,29.22,4.45
02298123,0.25,0.00,0.52,1.28,0.07,0.01,0.05,0.00,1.13,0.44,8.34,0.01,35.84,23.70,17.65,10.71
02298608,0.56,0.00,1.75,1.95,0.08,0.00,0.95,0.00,4.44,0.08,4.61,0.09,46.98,9.57,26.82,2.10
02299950,2.42,0.00,0.75,0.94,0.08,0.02,3.43,0.01,3.75,0.14,14.03,0.24,28.06,10.22,31.84,4.07
02300700,1.55,0.00,4.99,9.88,6.67,0.40,0.13,0.01,3.90,0.02,0.83,0.02,39.69,8.42,22.98,0.52
02310947,1.27,0.00,2.54,1.89,0.35,0.03,0.52,0.00,6.08,0.01,0.31,0.03,31.25,1.37,53.61,0.74
02312200,0.26,0.00,3.54,1.57,0.09,0.00,0.03,0.00,19.06,0.00,2.37,0.34,23.42,0.67,46.11,2.53
02314500,0.07,0.00,2.66,1.25,0.07,0.03,0.06,0.01,21.20,0.00,4.13,7.51,0.28,0.90,59.12,2.71
02315500,0.34,0.00,3.12,1.27,0.08,0.03,0.42,0.00,28.14,0.00,4.63,6.77,0.65,0.71,51.95,1.89
02324400,0.00,0.00,3.88,2.68,0.00,0.00,0.00,0.00,11.59,0.00,0.98,2.98,0.13,0.00,76.81,0.96
02327100,0.01,0.00,1.62,0.68,0.00,0.00,0.00,0.00,30.87,0.00,0.17,0.07,0.08,0.00,66.48,0.01
02329000,1.27,0.00,5.60,2.03,0.48,0.13,0.12,0.11,28.24,0.62,1.12,0.74,3.14,31.24,24.21,0.94
02339500,3.42,0.00,12.94,10.84,4.34,1.57,0.15,28.29,13.83,8.42,1.30,1.93,10.94,0.02,1.98,0.03
02342933,0.65,0.00,3.14,0.35,0.01,0.00,0.00,12.78,26.50,17.70,7.78,10.78,7.43,1.03,11.77,0.08
02347500,1.22,0.00,8.14,6.09,2.03,0.90,0.14,22.55,22.17,8.41,1.94,2.88,17.08,0.13,6.28,0.05
02349500,1.06,0.00,6.90,4.81,1.50,0.64,0.39,19.26,24.49,8.14,2.72,4.35,14.21,3.08,8.38,0.07
02349900,0.45,0.00,5.78,0.93,0.18,0.02,0.00,1.27,10.32,4.68,0.75,1.89,0.81,58.54,14.27,0.14
02350900,0.47,0.00,3.68,0.73,0.06,0.01,0.02,5.58,30.79,8.49,3.77,8.09,3.19,21.35,13.69,0.09
02361000,0.47,0.00,5.40,1.10,0.23,0.03,0.16,1.82,20.67,18.09,5.58,3.79,18.91,9.84,13.85,0.06
02363000,0.61,0.00,4.32,0.60,0.13,0.01,0.01,4.53,25.98,19.54,4.97,3.44,17.65,3.69,14.45,0.07
02365500,0.68,0.00,6.37,1.84,0.51,0.13,0.09,1.35,23.88,12.46,4.42,3.33,16.97,12.07,15.81,0.11
02369800,0.08,0.00,4.03,0.38,0.00,0.00,0.00,0.01,64.07,1.32,2.65,3.71,3.06,5.06,15.62,0.01
02371500,0.57,0.00,5.18,1.04,0.32,0.06,0.02,5.66,25.47,21.11,5.74,4.39,15.33,2.39,12.64,0.08
02372250,0.50,0.00,5.02,0.71,0.20,0.03,0.01,6.04,24.49,20.52,5.61,4.74,17.50,1.04,13.52,0.07
02374500,0.29,0.00,4.51,0.60,0.16,0.03,0.02,0.51,38.18,11.67,12.85,7.73,8.72,2.45,12.23,0.05
02375500,0.52,0.00,4.90,0.96,0.25,0.04,0.21,2.18,33.49,13.64,8.75,6.52,10.31,3.14,14.97,0.13
02381600,0.05,0.00,5.39,0.62,0.08,0.00,0.00,62.77,6.00,15.39,0.50,0.84,8.36,0.00,0.00,0.00
02383500,1.00,0.00,6.17,1.55,0.49,0.09,0.15,42.51,11.82,18.79,1.70,2.42,12.60,0.49,0.22,0.01
02384540,0.27,0.00,0.53,0.00,0.00,0.00,0.00,21.89,14.98,61.93,0.11,0.26,0.00,0.00,0.02,0.01
02387000,0.41,0.00,8.12,4.39,1.65,0.70,0.15,26.20,9.62,23.69,1.48,1.89,19.61,1.10,0.90,0.07
02387500,0.75,0.00,7.08,2.89,1.02,0.36,0.16,34.28,10.93,20.35,1.60,2.19,16.79,0.98,0.58,0.04
02395120,0.39,0.00,8.04,3.71,0.99,0.11,0.08,28.34,19.30,9.29,4.04,3.59,20.33,0.97,0.71,0.12
02408540,0.21,0.00,3.42,0.72,0.17,0.02,0.02,38.23,25.87,8.48,7.30,6.92,6.69,0.15,1.78,0.01
02414500,1.48,0.00,6.78,2.50,0.67,0.18,0.07,32.89,19.94,7.31,3.93,4.19,18.57,0.06,1.42,0.02
02415000,0.23,0.00,4.69,0.90,0.18,0.05,0.03,34.94,25.47,6.48,6.04,6.86,12.68,0.00,1.44,0.00
02422500,0.22,0.00,6.06,1.66,0.36,0.05,0.07,13.99,22.08,14.96,6.73,4.74,18.09,0.15,10.57,0.28
02427250,0.19,0.00,2.82,0.19,0.03,0.00,0.01,3.59,34.78,19.84,10.27,7.03,10.05,1.02,10.16,0.02
02430085,0.34,0.00,6.02,2.08,0.27,0.11,0.41,35.42,17.64,8.03,7.07,5.46,12.79,0.07,4.28,0.01
02430615,0.02,0.00,3.78,0.67,0.01,0.00,0.00,22.26,32.23,9.53,12.73,6.85,3.52,0.00,8.38,0.01
02448000,0.92,0.00,3.86,1.18,0.30,0.05,0.04,5.93,28.68,10.24,3.74,2.44,16.40,2.06,23.90,0.26
02450250,0.02,0.00,2.11,0.18,0.02,0.00,0.00,76.90,6.49,11.53,0.44,0.25,1.65,0.00,0.42,0.00
02456500,0.96,0.00,8.06,3.65,0.91,0.17,0.25,30.89,8.44,8.95,3.81,1.96,30.26,0.84,0.82,0.03
02464000,0.21,0.00,5.14,0.87,0.14,0.01,0.18,23.08,27.92,13.62,7.18,5.61,10.17,0.33,5.50,0.03
02464146,0.16,0.00,4.78,1.98,0.47,0.01,1.71,10.84,34.58,12.14,15.14,15.78,2.40,0.00,0.01,0.00
02464360,0.26,0.00,5.20,0.96,0.18,0.03,0.03,20.67,19.30,15.64,9.40,6.05,10.73,0.14,11.31,0.11
02465493,0.03,0.00,5.20,1.06,0.27,0.02,0.00,23.50,25.28,21.26,3.86,3.41,8.01,0.00,8.11,0.00
02469800,0.06,0.00,2.75,0.68,0.04,0.00,0.00,1.11,41.29,14.06,12.64,14.17,1.32,0.00,11.82,0.05
02472000,0.37,0.00,4.63,0.79,0.23,0.04,0.05,1.04,33.20,17.97,4.35,3.08,15.73,0.68,17.64,0.21
02472500,0.31,0.00,5.72,1.25,0.29,0.05,0.07,0.31,28.78,15.02,5.70,6.14,23.19,1.26,11.84,0.07
02475000,0.61,0.00,5.96,2.05,0.65,0.15,0.25,0.53,31.34,13.59,5.91,4.21,16.28,0.55,17.69,0.22
02475500,0.58,0.00,6.13,1.51,0.33,0.07,0.01,2.78,23.22,17.63,4.78,4.14,16.67,0.35,21.36,0.45
02478500,0.86,0.00,5.16,1.72,0.43,0.12,0.12,2.31,28.40,14.23,6.79,5.64,11.80,0.11,21.96,0.36
02479155,0.04,0.00,4.02,0.81,0.08,0.02,0.06,0.00,65.01,0.49,2.04,1.86,1.01,0.05,24.37,0.14
02479300,0.72,0.00,5.13,1.55,0.28,0.04,0.36,0.00,36.76,1.10,6.97,4.71,12.66,0.66,28.70,0.37
02479560,0.45,0.00,4.39,1.02,0.12,0.01,0.10,0.02,38.00,3.98,5.93,5.22,8.73,1.69,30.05,0.30
02481000,0.15,0.00,5.46,2.10,0.08,0.00,0.21,0.00,43.08,0.31,9.87,6.79,5.85,0.01,25.99,0.09
02481510,0.72,0.00,4.97,1.16,0.08,0.01,0.23,0.00,33.17,0.87,9.90,7.30,13.83,0.19,27.22,0.33
02482000,0.65,0.00,5.56,1.57,0.43,0.09,0.03,3.09,21.80,15.15,4.32,2.85,21.21,0.09,22.88,0.28
02486000,1.74,0.00,5.89,2.29,0.93,0.23,0.04,2.81,23.52,14.69,4.37,2.80,17.75,0.93,21.75,0.28
02492000,0.58,0.00,6.37,1.60,0.38,0.08,0.69,0.35,24.37,12.07,6.73,3.58,26.52,0.38,15.93,0.37
03010500,0.04,0.00,3.10,0.89,0.19,0.04,0.20,69.36,0.56,7.64,2.50,2.76,9.08,0.40,3.04,0.21
03010655,0.03,0.00,3.95,0.46,0.09,0.01,0.19,68.92,0.94,9.92,0.57,0.60,11.32,0.50,2.35,0.16
03011020,0.29,0.00,4.23,1.58,0.43,0.10,0.17,66.38,1.11,9.41,1.12,1.27,10.61,0.74,2.36,0.20
03011800,0.06,0.00,3.69,1.12,0.24,0.03,0.30,72.34,1.33,9.74,3.97,3.00,0.57,0.00,3.27,0.33
03015500,0.10,0.00,5.32,1.13,0.31,0.08,0.08,45.75,1.82,14.38,0.19,0.36,20.23,1.90,7.74,0.60
03020500,0.34,0.00,5.51,0.98,0.29,0.08,0.08,49.92,1.70,15.14,0.10,0.16,17.37,1.21,6.96,0.16
03021350,0.13,0.00,5.48,1.48,0.28,0.02,0.03,36.01,1.96,10.65,0.04,0.08,34.82,2.26,6.07,0.68
03024000,0.77,0.00,7.08,2.08,0.52,0.11,0.07,40.08,1.05,7.58,0.02,0.09,25.69,6.50,7.91,0.46
03026500,0.04,0.00,1.60,0.66,0.39,0.26,1.87,72.27,0.11,3.97,6.51,11.45,0.41,0.00,0.45,0.02
03028000,0.04,0.00,3.42,1.33,0.16,0.02,0.37,64.36,1.72,16.74,1.63,2.54,5.29,0.07,2.25,0.06
03032500,0.39,0.00,6.12,2.62,0.73,0.20,0.92,43.50,2.01,17.14,0.12,0.77,22.96,1.49,0.98,0.04
03049000,0.06,0.00,7.73,2.29,0.48,0.05,0.58,54.60,0.13,3.71,0.01,0.29,23.33,6.69,0.06,0.00
03049800,0.00,0.00,18.98,11.30,2.14,0.10,0.00,56.96,0.12,4.82,0.00,0.07,5.50,0.00,0.00,0.00
03050000,0.01,0.00,2.70,0.45,0.12,0.01,0.48,80.98,0.52,5.16,0.17,0.45,8.22,0.66,0.04,0.01
03050500,0.06,0.00,3.59,1.07,0.55,0.15,0.52,78.51,0.39,4.46,0.19,0.53,9.31,0.56,0.07,0.03
03051000,0.12,0.00,3.93,1.22,0.64,0.12,0.79,77.49,0.30,4.03,0.51,0.74,9.64,0.37,0.07,0.03
03054500,0.14,0.00,3.87,1.13,0.54,0.10,0.85,75.85,0.17,4.85,0.99,1.13,10.15,0.17,0.04,0.02
03065000,0.05,0.00,1.71,0.17,0.02,0.00,2.75,65.51,6.65,17.08,0.08,0.07,5.08,0.00,0.67,0.16
03066000,0.23,0.00,2.84,0.99,0.15,0.02,7.94,46.00,4.47,9.19,1.35,2.01,1.38,0.00,13.63,9.80
03069000,0.15,0.00,1.44,0.51,0.15,0.03,0.67,43.97,12.62,39.14,0.05,0.16,0.94,0.00,0.17,0.00
03069500,0.14,0.00,1.90,0.48,0.10,0.01,2.82,55.10,9.04,23.09,0.23,0.44,3.14,0.00,2.20,1.30
03070000,0.25,0.00,2.07,0.42,0.08,0.01,2.28,60.82,6.97,19.61,0.19,0.62,3.94,0.04,1.69,1.00
03070500,0.36,0.00,4.30,1.06,0.46,0.03,0.52,65.62,0.81,6.60,0.04,0.57,18.26,0.86,0.37,0.11
03075500,0.45,0.00,7.23,2.68,0.71,0.14,0.96,45.45,1.01,7.70,0.10,0.52,28.88,1.74,1.72,0.69
03076600,0.05,0.00,4.39,1.41,0.41,0.04,1.00,54.45,1.21,9.15,0.29,0.87,24.73,1.61,0.18,0.21
03078000,0.16,0.00,4.43,1.27,0.58,0.06,1.62,51.55,1.96,16.76,0.31,0.44,18.74,0.25,1.69,0.18
03079000,0.33,0.00,5.69,2.45,0.94,0.19,2.86,43.10,0.99,9.12,0.33,0.89,28.72,3.44,0.84,0.11
03109500,0.52,0.00,8.00,4.50,1.12,0.22,0.57,39.94,0.47,2.90,0.00,0.26,26.08,14.27,1.02,0.13
03111500,0.63,0.00,6.15,3.69,0.93,0.06,1.18,45.37,0.12,2.45,0.00,0.35,38.80,0.09,0.12,0.07
03114500,0.10,0.00,4.11,0.40,0.15,0.00,0.04,86.35,0.04,1.85,0.02,0.26,6.67,0.00,0.00,0.00
03140000,0.03,0.00,5.67,0.83,0.11,0.00,0.00,39.56,0.14,2.36,0.00,0.02,46.50,4.78,0.00,0.00
03144000,0.04,0.00,5.66,0.83,0.08,0.00,0.01,50.33,0.23,1.73,0.16,0.10,29.72,10.92,0.13,0.06
03155500,0.10,0.00,3.88,0.55,0.21,0.01,0.01,81.02,1.22,3.69,0.13,0.86,8.31,0.00,0.00,0.00
03159500,0.53,0.00,6.81,3.23,1.23,0.23,0.26,52.84,0.81,4.59,0.09,0.24,15.37,13.43,0.23,0.11
03159540,0.06,0.00,6.49,0.87,0.28,0.01,0.01,66.06,0.27,2.81,0.01,0.12,22.36,0.54,0.10,0.02
03161000,0.22,0.00,11.05,1.94,1.05,0.29,0.10,40.71,2.03,22.25,0.57,1.05,18.66,0.01,0.06,0.02
03164000,0.37,0.00,7.14,0.82,0.33,0.08,0.14,44.15,2.49,18.71,0.55,1.22,23.78,0.12,0.08,0.02
03165000,0.02,0.00,9.90,2.55,1.22,0.64,0.01,21.42,3.83,23.18,0.05,0.56,36.46,0.13,0.03,0.00
03165500,0.44,0.00,7.32,0.96,0.36,0.11,0.12,40.91,2.74,20.76,0.48,1.22,24.37,0.12,0.08,0.01
03167000,0.07,0.00,5.74,2.55,0.92,0.27,0.19,36.77,0.84,14.71,0.05,0.70,36.69,0.47,0.02,0.01
03168000,0.35,0.00,6.69,1.12,0.39,0.11,0.14,38.71,2.37,20.44,0.36,1.11,27.91,0.23,0.07,0.01
03170000,0.10,0.00,6.47,0.74,0.13,0.02,0.03,30.75,3.09,24.14,0.13,0.80,33.35,0.11,0.14,0.02
03173000,0.03,0.00,3.13,0.41,0.14,0.01,0.04,50.48,2.19,24.56,0.14,0.43,18.32,0.10,0.02,0.01
03175500,0.03,0.00,2.76,0.51,0.16,0.01,0.13,64.08,0.59,12.92,0.02,0.33,18.32,0.03,0.08,0.01
03179000,0.17,0.00,7.86,3.39,1.39,0.36,0.43,62.85,0.66,11.70,0.11,0.92,10.10,0.01,0.06,0.00
03180500,0.03,0.00,1.34,0.24,0.06,0.01,1.40,73.03,3.73,18.08,0.24,0.11,1.32,0.00,0.34,0.06
03182500,0.14,0.00,2.27,0.33,0.07,0.01,0.86,65.05,2.36,21.01,0.11,0.20,7.27,0.02,0.21,0.09
03183500,0.29,0.00,3.00,0.65,0.20,0.04,0.46,63.87,1.54,16.94,0.12,0.31,12.28,0.14,0.10,0.04
03184000,0.31,0.00,3.19,0.64,0.19,0.03,0.42,64.68,1.34,14.96,0.12,0.34,13.51,0.12,0.09,0.04
03186500,0.01,0.00,1.17,0.11,0.00,0.00,0.94,59.15,5.26,32.26,0.02,0.07,0.84,0.00,0.14,0.01
03187500,0.00,0.00,0.90,0.08,0.00,0.00,0.09,43.59,7.44,46.95,0.00,0.00,0.00,0.00,0.91,0.02
03198500,0.17,0.00,3.26,1.06,0.22,0.01,3.61,83.38,0.09,1.66,0.12,4.40,1.98,0.00,0.04,0.00
03213700,0.13,0.00,2.99,1.33,0.47,0.05,1.84,88.45,0.10,0.69,0.15,3.54,0.27,0.00,0.00,0.00
03237280,0.00,0.00,2.98,0.06,0.00,0.00,0.00,90.67,0.02,1.20,1.54,1.59,1.39,0.49,0.05,0.00
03237500,0.17,0.00,4.96,1.76,0.33,0.03,0.15,34.70,2.04,6.89,0.07,0.04,33.63,15.17,0.03,0.04
03238500,0.25,0.00,5.04,3.56,0.58,0.09,0.10,19.02,0.01,0.60,0.01,0.00,15.86,54.73,0.13,0.03
03241500,0.08,0.00,4.08,2.99,0.61,0.09,0.25,6.73,0.00,0.09,0.00,0.00,6.85,78.12,0.07,0.03
03251500,0.68,0.00,4.34,1.40,0.31,0.04,0.18,52.56,0.69,7.34,0.05,0.57,30.34,1.44,0.02,0.02
03252500,0.25,0.00,4.66,2.46,1.08,0.32,0.03,9.01,0.01,0.39,0.00,0.03,79.23,2.48,0.00,0.03
03253500,0.59,0.00,4.46,1.60,0.45,0.09,0.15,41.74,0.77,6.58,0.03,0.42,41.30,1.78,0.02,0.03
03265000,0.16,0.00,2.41,6.41,1.32,0.29,0.07,6.77,0.00,0.06,0.00,0.02,3.76,78.27,0.20,0.25
03266000,0.24,0.00,2.94,6.81,1.45,0.36,0.12,7.21,0.00,0.11,0.01,0.02,4.53,75.73,0.19,0.28
03269500,0.94,0.00,6.60,6.08,2.69,0.71,0.06,14.36,0.04,0.40,0.02,0.03,12.92,54.46,0.37,0.31
03274000,0.85,0.00,6.15,8.27,3.55,0.98,0.15,10.84,0.06,0.54,0.02,0.03,9.68,58.32,0.29,0.28
03280700,0.03,0.00,4.40,0.86,0.05,0.00,1.89,82.94,0.00,4.25,0.77,4.53,0.27,0.00,0.00,0.00
03281100,0.03,0.00,4.78,1.17,0.39,0.05,0.23,88.27,0.00,1.24,0.17,0.68,2.90,0.08,0.01,0.00
03281500,0.07,0.00,4.49,0.97,0.20,0.02,0.29,86.14,0.02,3.09,0.19,0.78,3.69,0.07,0.00,0.00
03285000,0.45,0.00,5.86,1.94,0.51,0.06,0.02,30.21,0.66,2.88,0.11,0.37,53.79,3.07,0.06,0.01
03289500,0.27,0.00,8.12,7.81,5.11,1.50,0.04,5.89,0.06,0.69,0.00,0.01,66.49,3.87,0.07,0.05
03291780,0.16,0.00,4.96,1.04,0.06,0.00,0.00,36.96,1.35,5.46,0.01,0.01,14.99,34.04,0.92,0.02
03300400,0.19,0.00,4.66,1.07,0.28,0.00,0.00,27.52,2.84,11.60,0.00,0.18,50.03,1.62,0.00,0.01
03301500,0.24,0.00,4.79,1.61,0.48,0.10,0.08,39.59,1.19,6.63,0.01,0.14,38.74,6.26,0.12,0.05
03303000,0.19,0.00,6.41,1.89,0.37,0.07,0.12,36.69,0.79,4.28,0.00,0.05,26.67,22.33,0.11,0.03
03308500,0.90,0.00,5.61,1.31,0.36,0.07,0.07,44.25,0.35,3.33,0.02,0.31,39.16,4.07,0.16,0.04
03324300,0.21,0.00,1.86,6.14,0.78,0.16,0.11,8.64,0.00,0.02,0.02,0.01,2.90,77.83,1.06,0.27
03326500,0.33,0.00,2.75,7.09,1.69,0.43,0.07,8.02,0.01,0.06,0.03,0.02,4.59,73.37,1.29,0.26
03328500,0.56,0.00,3.10,5.46,0.98,0.18,0.02,11.27,0.01,0.15,0.22,0.01,8.03,67.58,1.75,0.68
03331500,2.09,0.00,5.19,4.69,1.13,0.29,0.08,8.94,0.10,0.26,0.28,0.08,7.00,62.65,5.57,1.65
03338780,0.05,0.00,3.49,2.36,0.46,0.12,0.02,1.58,0.01,0.02,0.01,0.01,1.05,90.25,0.54,0.04
03339500,0.16,0.00,3.67,4.51,1.13,0.30,0.01,4.67,0.00,0.04,0.00,0.01,2.99,81.55,0.82,0.13
03340800,0.05,0.00,3.18,3.37,0.39,0.03,0.06,9.05,0.00,0.05,0.00,0.00,5.37,78.32,0.09,0.04
03345500,0.27,0.00,3.84,3.39,0.93,0.20,0.07,10.24,0.01,0.17,0.01,0.03,3.75,76.34,0.69,0.07
03346000,0.22,0.00,3.92,2.68,0.45,0.07,0.08,16.55,0.01,0.18,0.01,0.03,5.68,69.35,0.76,0.02
03348000,0.77,0.00,5.42,8.61,3.09,0.98,0.12,7.95,0.00,0.07,0.01,0.02,6.96,64.72,0.98,0.31
03349000,0.58,0.00,4.38,9.11,2.87,0.80,0.07,6.43,0.00,0.06,0.01,0.02,5.50,68.74,1.10,0.34
03357350,0.26,0.00,4.92,2.42,0.19,0.01,0.00,21.97,0.00,0.50,0.00,0.02,22.98,46.70,0.00,0.02
03361500,0.72,0.00,4.09,5.70,1.48,0.36,0.05,9.61,0.00,0.11,0.03,0.02,8.03,68.85,0.80,0.14
03361650,0.29,0.00,3.44,7.45,0.89,0.07,0.01,6.25,0.00,0.10,0.00,0.03,4.32,75.81,1.15,0.20
03362500,0.27,0.00,4.82,10.61,3.61,0.62,0.00,6.02,0.01,0.15,0.02,0.02,5.56,67.58,0.62,0.10
03363000,0.51,0.00,4.30,8.21,2.61,0.50,0.04,7.66,0.00,0.12,0.02,0.02,6.35,68.69,0.82,0.15
03364000,0.48,0.00,4.25,6.88,2.12,0.40,0.05,10.00,0.01,0.17,0.04,0.02,5.60,69.02,0.83,0.14
03364500,0.30,0.00,2.82,3.41,0.72,0.42,0.00,7.66,0.00,0.13,0.00,0.01,3.89,80.54,0.08,0.02
03365500,0.48,0.00,4.19,6.38,1.90,0.39,0.07,11.27,0.01,0.27,0.03,0.02,5.68,68.43,0.76,0.11
03366500,0.22,0.00,4.63,2.02,0.30,0.02,0.12,41.67,0.17,1.81,0.77,0.03,12.69,31.30,4.16,0.09
03368000,0.15,0.00,4.10,1.94,0.13,0.00,0.00,35.83,0.38,2.51,0.07,0.01,9.91,44.92,0.04,0.00
03381500,0.55,0.00,4.08,2.81,0.56,0.12,0.01,14.42,0.02,0.26,0.00,0.01,11.58,62.84,2.69,0.04
03384450,0.07,0.00,2.45,0.35,0.04,0.00,0.00,56.76,13.32,11.39,0.00,0.00,14.92,0.66,0.02,0.00
03410500,0.24,0.00,3.99,0.98,0.24,0.04,0.18,60.21,1.66,21.34,1.36,2.13,7.47,0.09,0.03,0.02
03438000,0.34,0.00,6.76,4.29,1.87,0.60,0.17,19.31,0.47,1.80,0.02,0.10,20.08,43.61,0.53,0.04
03439000,0.04,0.00,5.61,0.70,0.13,0.01,0.18,46.79,1.44,41.24,0.02,0.20,3.53,0.00,0.11,0.00
03443000,0.36,0.00,8.02,1.57,0.44,0.16,0.15,44.13,2.23,35.99,0.02,0.18,6.36,0.23,0.17,0.00
03450000,0.00,0.00,2.13,0.01,0.01,0.00,0.01,90.70,0.01,7.14,0.00,0.00,0.00,0.00,0.00,0.00
03451500,0.40,0.00,13.14,4.94,1.84,0.63,0.13,45.27,1.88,20.81,0.05,0.24,9.62,0.81,0.22,0.00
03455000,0.41,0.00,10.02,3.33,1.12,0.36,0.11,49.64,1.84,20.91,0.12,0.36,11.18,0.45,0.14,0.00
03455500,0.00,0.00,1.78,0.12,0.01,0.00,0.00,45.93,7.02,44.21,0.06,0.07,0.78,0.00,0.03,0.00
03456500,0.01,0.00,4.13,0.48,0.05,0.00,0.00,64.87,0.65,24.25,0.08,0.04,5.16,0.02,0.24,0.00
03460000,0.00,0.00,0.21,0.00,0.00,0.00,0.00,30.56,4.82,63.61,0.01,0.55,0.24,0.00,0.00,0.00
03463300,0.00,0.00,3.79,0.23,0.01,0.00,0.00,37.64,6.31,50.30,0.16,0.04,1.49,0.00,0.02,0.00
03465500,0.18,0.00,5.78,1.29,0.43,0.09,0.19,59.56,1.26,23.96,0.21,0.46,6.53,0.01,0.03,0.00
03470000,0.02,0.00,6.93,3.13,1.31,0.34,0.11,36.18,10.40,32.31,0.05,0.30,8.88,0.04,0.01,0.00
03471500,0.01,0.00,3.95,0.58,0.07,0.00,0.06,54.77,0.33,19.49,0.05,0.62,19.60,0.42,0.05,0.00
03473000,0.01,0.00,4.09,0.58,0.08,0.01,0.04,49.23,0.52,25.43,0.14,0.59,19.04,0.14,0.07,0.03
03479000,0.12,0.00,10.86,1.60,0.45,0.04,0.20,51.70,0.44,22.43,0.11,0.21,11.78,0.00,0.06,0.00
03488000,0.01,0.00,2.74,0.22,0.03,0.02,0.05,64.16,0.12,9.55,0.07,0.44,22.15,0.27,0.14,0.03
03490000,0.27,0.00,3.90,0.73,0.15,0.04,0.03,65.83,0.26,6.24,0.08,0.72,21.49,0.15,0.09,0.02
03498500,0.08,0.00,4.52,1.57,0.22,0.01,0.01,34.34,5.35,39.40,0.05,0.19,13.45,0.73,0.07,0.00
03500000,0.09,0.00,7.19,1.13,0.42,0.08,0.15,56.60,0.81,23.16,0.02,0.16,9.80,0.30,0.10,0.00
03500240,0.02,0.00,6.32,1.49,0.55,0.13,0.14,72.65,0.25,10.19,0.12,0.08,7.93,0.05,0.05,0.00
03504000,0.02,0.00,0.79,0.17,0.01,0.00,0.00,75.99,0.02,22.42,0.01,0.04,0.30,0.00,0.25,0.00
03512000,0.00,0.00,2.92,0.59,0.34,0.08,0.02,60.43,10.19,24.24,0.02,0.20,0.94,0.00,0.03,0.00
03524000,0.10,0.00,5.54,1.95,0.66,0.14,0.37,59.58,0.39,3.53,0.05,1.04,26.59,0.01,0.03,0.01
03528000,0.25,0.00,5.51,1.60,0.52,0.10,0.60,63.10,0.44,5.75,0.22,1.99,19.79,0.03,0.06,0.03
03531500,0.15,0.00,5.41,1.96,0.62,0.08,7.23,59.14,0.32,11.59,1.10,4.32,7.96,0.05,0.03,0.03
03532000,0.16,0.00,6.05,1.65,0.51,0.06,3.47,53.36,0.56,8.92,0.65,3.82,20.71,0.04,0.02,0.03
03540500,0.50,0.00,6.49,2.01,0.52,0.11,0.32,54.98,1.36,15.84,1.15,1.86,14.69,0.06,0.10,0.02
03550000,0.05,0.00,4.92,1.57,0.49,0.10,0.03,53.42,0.55,32.19,0.06,0.17,5.70,0.72,0.05,0.00
03567500,0.25,0.00,12.42,7.89,2.10,0.49,0.11,32.22,5.53,8.90,0.79,1.54,27.11,0.24,0.29,0.13
03574500,0.04,0.00,2.15,0.37,0.04,0.00,0.01,78.77,0.43,1.81,1.77,1.11,9.09,3.53,0.86,0.01
03592718,0.07,0.00,6.00,2.01,0.42,0.04,0.00,21.02,23.45,7.41,8.10,4.63,11.81,1.78,13.10,0.17
03603000,0.51,0.00,5.98,2.41,0.75,0.23,0.09,42.12,3.11,5.10,0.70,1.03,33.89,3.13,0.84,0.13
03604000,0.28,0.00,4.87,1.17,0.26,0.03,0.06,47.31,6.87,2.66,4.71,5.52,22.22,2.79,1.12,0.14
04015330,0.06,0.00,1.71,1.02,0.09,0.01,0.34,14.43,7.32,38.93,3.19,1.85,3.43,0.00,26.58,1.05
04024430,0.73,0.00,2.56,0.98,0.06,0.00,0.14,26.50,3.89,15.21,0.98,1.58,10.34,0.47,34.03,2.52
04027000,0.71,0.00,2.49,0.44,0.05,0.01,0.07,43.03,1.91,20.04,0.57,0.43,5.37,1.52,22.97,0.39
04040500,2.10,0.00,0.81,0.55,0.02,0.00,0.05,27.56,3.33,19.07,1.27,2.66,0.41,0.00,40.90,1.27
04043050,0.39,0.00,3.73,3.00,0.79,0.06,1.00,38.81,1.45,23.17,0.71,3.42,5.13,0.01,18.09,0.25
04045500,0.79,0.00,1.13,0.74,0.11,0.01,0.09,18.97,5.06,8.79,1.64,2.64,0.40,0.36,55.92,3.36
04056500,3.65,0.00,1.21,0.59,0.04,0.00,0.12,15.65,7.08,7.19,2.17,3.56,0.91,0.08,49.59,8.16
04057510,2.15,0.00,1.65,0.52,0.01,0.00,0.03,16.00,11.91,13.27,1.27,1.92,0.00,0.00,49.50,1.77
04057800,2.62,0.00,1.13,0.97,0.12,0.00,0.17,12.35,5.09,36.56,3.99,3.46,0.36,0.01,32.24,0.92
04059500,0.19,0.00,1.78,0.83,0.02,0.00,0.03,22.33,2.68,10.31,1.36,1.96,2.44,1.54,53.74,0.79
04063700,0.57,0.00,1.41,0.29,0.01,0.00,0.01,32.98,2.22,10.41,0.17,0.37,0.81,0.18,49.37,1.19
04073500,3.41,0.00,4.11,2.88,0.56,0.10,0.11,14.54,2.15,2.69,0.43,3.02,5.87,35.30,12.82,12.01
04074950,4.95,0.00,2.61,0.95,0.09,0.01,0.06,43.66,0.74,9.44,0.46,0.76,2.17,1.19,31.04,1.88
04079000,2.14,0.00,3.03,2.11,0.52,0.09,0.07,26.31,0.94,4.85,0.37,0.75,1.84,26.11,28.88,1.98
04100500,2.83,0.00,4.53,6.10,1.54,0.47,0.08,6.78,0.04,0.15,0.33,0.03,6.54,59.28,9.16,2.13
04105700,2.41,0.00,9.80,2.25,0.24,0.02,0.04,24.00,1.55,2.57,0.01,0.06,18.20,18.66,19.40,0.77
04113000,1.31,0.00,8.42,6.43,2.76,0.81,0.08,10.72,0.23,0.56,0.00,0.06,9.65,36.82,20.55,1.60
04115000,0.86,0.00,4.33,3.55,0.49,0.08,0.14,5.12,0.14,0.24,0.00,0.03,4.55,67.86,11.96,0.66
04115265,0.11,0.00,4.05,1.61,0.10,0.01,0.00,23.10,1.59,1.57,0.30,3.18,0.82,46.57,16.86,0.12
04122200,0.72,0.00,3.89,1.84,0.21,0.03,0.13,35.94,6.61,3.88,3.41,6.04,0.44,18.59,18.05,0.20
04122500,1.24,0.00,3.52,1.56,0.14,0.02,0.08,40.56,12.27,5.46,3.83,4.35,0.95,8.07,17.34,0.61
04124000,1.22,0.00,3.09,1.78,0.13,0.01,0.19,36.24,12.63,5.65,6.35,12.83,0.27,5.19,14.26,0.16
04127918,0.24,0.00,1.80,1.12,0.08,0.01,0.04,3.63,19.10,8.21,2.61,4.17,10.52,0.21,45.74,2.53
04127997,1.23,0.00,4.19,2.29,0.19,0.02,0.11,49.68,4.76,4.36,4.28,12.24,0.42,3.11,12.99,0.13
04161580,3.70,0.00,13.06,7.38,1.21,0.07,0.06,27.31,0.29,1.60,0.04,0.11,17.56,4.67,22.77,0.19
04164000,4.23,0.00,16.11,24.73,21.96,6.36,0.60,9.54,0.11,0.46,0.02,0.21,3.60,1.92,9.72,0.43
04165500,2.80,0.00,13.79,20.55,18.01,4.52,0.39,9.45,0.11,0.42,0.02,0.16,5.53,13.63,10.29,0.34
04176500,1.50,0.00,5.28,6.26,1.32,0.30,0.16,8.69,0.09,0.27,0.01,0.06,8.48,57.58,9.47,0.53
04178000,1.38,0.00,3.66,4.30,0.64,0.12,0.02,8.34,0.06,0.19,0.10,0.03,7.57,60.84,12.28,0.48
04183500,0.84,0.00,3.52,8.05,2.71,0.75,0.08,7.74,0.04,0.12,0.21,0.02,6.44,63.98,5.03,0.49
04185000,1.13,0.00,3.30,4.66,0.78,0.16,0.00,6.47,0.05,0.08,0.00,0.01,4.08,70.18,8.81,0.28
04191500,0.45,0.00,2.29,7.76,1.56,0.43,0.11,5.15,0.00,0.04,0.02,0.01,1.88,79.31,0.81,0.17
04196800,0.67,0.00,1.79,4.52,0.32,0.05,0.03,7.92,0.01,0.04,0.26,0.01,5.03,77.82,0.85,0.69
04197100,0.12,0.00,2.16,5.59,0.53,0.07,0.21,8.45,0.00,0.02,0.02,0.00,1.12,79.36,2.12,0.23
04197170,0.06,0.00,2.62,6.55,0.85,0.11,0.00,12.81,0.00,0.10,0.07,0.01,6.98,69.63,0.15,0.05
04198000,0.46,0.00,2.58,6.09,1.02,0.22,0.31,8.75,0.01,0.09,0.08,0.01,3.09,76.25,0.73,0.30
04201500,0.53,0.00,16.85,17.88,8.03,1.29,0.02,24.61,0.27,1.99,0.17,0.02,15.30,8.71,4.16,0.17
04213000,0.14,0.00,6.39,2.02,0.46,0.04,0.02,45.72,0.20,2.33,0.03,0.10,21.00,9.96,11.55,0.05
04213075,0.17,0.00,9.19,7.77,3.64,0.81,0.01,43.01,0.00,4.33,0.00,0.00,21.35,5.90,3.83,0.01
04216418,0.76,0.00,5.11,2.15,0.36,0.06,0.02,38.05,2.27,7.27,0.00,0.05,22.60,16.03,5.11,0.16
04221000,0.08,0.00,5.55,1.52,0.28,0.07,0.14,47.79,1.77,10.72,0.19,0.21,27.87,2.77,0.91,0.11
04223000,0.36,0.00,5.22,1.63,0.23,0.04,0.12,45.41,3.24,11.57,0.19,0.25,23.48,5.68,2.40,0.18
04224775,0.22,0.00,4.28,1.48,0.11,0.00,0.00,47.14,3.31,16.49,0.25,0.11,16.79,7.79,1.85,0.20
04233000,0.15,0.00,6.99,2.74,0.41,0.04,0.23,44.61,0.88,13.19,0.01,0.02,24.91,2.22,2.98,0.60
04256000,1.40,0.00,0.46,0.12,0.00,0.00,0.01,53.99,13.97,10.35,2.08,1.10,0.01,0.00,16.43,0.08
04296000,0.88,0.00,3.50,1.08,0.15,0.01,0.12,28.02,12.64,19.75,0.53,0.44,18.06,2.41,11.89,0.52
05053000,3.36,0.00,2.65,1.55,0.26,0.03,0.04,0.81,0.00,0.00,0.00,4.34,9.21,71.35,0.20,6.21
05056000,4.18,0.00,2.23,1.06,0.09,0.01,0.08,0.60,0.00,0.00,0.00,15.98,19.45,48.60,0.24,7.49
05057000,3.85,0.00,2.26,1.09,0.08,0.01,0.06,0.73,0.00,0.00,0.00,13.02,21.46,49.33,0.48,7.62
05057200,3.76,0.00,1.89,1.44,0.09,0.00,0.02,0.25,0.00,0.00,0.00,0.73,13.55,70.22,0.08,7.98
05062500,5.11,0.00,1.81,1.41,0.09,0.01,0.05,28.07,0.77,1.51,0.33,0.43,7.33,35.21,7.69,10.18
05087500,0.07,0.00,2.42,2.19,0.08,0.01,0.08,7.97,0.01,0.18,0.02,0.01,13.18,43.20,10.39,20.19
05120500,3.25,0.00,2.56,1.23,0.07,0.00,0.01,0.36,0.00,0.00,0.00,7.97,20.28,53.30,0.07,10.90
05123400,5.02,0.00,1.98,1.98,0.15,0.01,0.08,13.31,0.01,0.02,0.06,13.51,11.97,41.53,0.86,9.51
05129115,13.34,0.00,0.98,0.97,0.10,0.01,0.51,7.74,10.82,26.61,6.25,3.29,0.19,0.00,28.49,0.70
05131500,2.50,0.00,1.10,0.84,0.05,0.00,1.16,10.35,5.89,15.13,5.00,3.23,1.27,0.04,51.24,2.21
05244000,5.43,0.00,3.12,1.67,0.19,0.04,0.11,24.14,9.37,6.91,1.27,3.28,11.45,12.15,12.99,7.88
05280000,5.13,0.00,3.78,3.26,0.84,0.15,0.09,4.30,0.01,0.05,0.00,0.02,7.91,64.44,1.41,8.61
05291000,1.85,0.00,3.37,1.38,0.35,0.05,0.05,1.62,0.01,0.00,0.00,19.85,12.02,54.51,0.17,4.77
05320500,2.02,0.00,2.86,2.28,0.59,0.08,0.05,1.32,0.00,0.01,0.00,0.01,1.45,84.92,2.03,2.38
05362000,0.74,0.00,2.40,0.74,0.08,0.01,0.03,40.44,0.14,7.82,0.33,0.55,6.77,3.06,34.74,2.15
05393500,1.38,0.00,2.35,0.70,0.03,0.00,0.05,40.22,0.22,17.27,0.38,1.29,5.19,1.03,28.98,0.92
05399500,0.13,0.00,4.42,1.55,0.61,0.07,0.04,13.20,0.12,0.57,0.02,0.03,0.92,69.38,8.21,0.73
05408000,0.02,0.00,4.34,1.24,0.19,0.02,0.12,43.97,0.92,2.72,0.02,0.01,30.72,14.44,1.02,0.24
05410490,0.05,0.00,4.41,1.34,0.19,0.02,0.12,45.18,0.59,1.44,0.02,0.03,30.19,14.91,0.93,0.59
05412500,0.22,0.00,2.45,3.00,0.45,0.05,0.12,12.66,0.07,0.16,0.00,0.03,14.32,65.71,0.45,0.31
05413500,0.01,0.00,3.21,2.77,0.52,0.07,0.12,16.37,0.13,0.33,0.00,0.00,27.07,49.22,0.16,0.01
05414000,0.01,0.00,2.90,2.03,0.22,0.01,0.08,19.78,0.13,0.37,0.00,0.02,39.26,35.05,0.12,0.03
05418500,0.33,0.00,2.38,3.51,0.73,0.08,0.16,9.42,0.13,0.41,0.01,0.05,13.65,68.65,0.40,0.10
05422000,0.46,0.00,2.39,3.49,0.66,0.08,0.13,3.37,0.03,0.04,0.00,0.03,5.85,79.35,3.38,0.75
05430500,3.62,0.00,5.02,6.40,2.65,0.56,0.27,5.89,0.14,0.26,0.00,0.03,7.02,53.73,5.26,9.15
05435500,0.15,0.00,4.02,2.27,0.72,0.11,0.11,12.08,0.10,0.14,0.00,0.01,30.99,48.38,0.45,0.46
05440000,0.35,0.00,4.33,6.89,2.79,0.52,0.23,4.08,0.04,0.13,0.00,0.05,5.79,72.66,1.33,0.82
05444000,0.04,0.00,2.91,3.09,0.39,0.04,0.16,3.70,0.04,0.04,0.00,0.00,5.10,84.44,0.04,0.00
05447500,0.31,0.00,3.30,2.35,0.51,0.06,0.11,4.23,0.18,0.10,0.00,0.32,3.85,84.03,0.47,0.18
05451500,0.44,0.00,2.95,2.53,0.60,0.08,0.12,1.97,0.01,0.02,0.00,0.01,4.65,84.91,0.90,0.80
05452000,0.07,0.00,2.28,3.07,0.31,0.04,0.01,2.72,0.00,0.04,0.00,0.01,11.18,79.54,0.56,0.17
05454000,0.15,0.00,2.27,4.43,0.24,0.01,0.23,10.99,0.02,0.18,0.00,0.01,20.82,60.02,0.47,0.17
05454500,0.82,0.00,3.00,3.44,0.85,0.16,0.14,4.32,0.02,0.06,0.00,0.03,9.77,74.41,1.52,1.47
05455500,0.18,0.00,2.12,3.31,0.37,0.03,0.03,3.79,0.01,0.03,0.00,0.02,20.06,68.37,1.45,0.23
05457700,0.54,0.00,2.86,3.53,0.92,0.16,0.09,2.07,0.01,0.02,0.00,0.02,3.25,84.67,1.20,0.66
05458000,0.10,0.00,2.35,2.85,0.41,0.03,0.09,3.05,0.00,0.01,0.00,0.01,6.21,83.28,1.16,0.46
05458500,0.55,0.00,2.82,3.63,0.89,0.13,0.10,2.72,0.01,0.03,0.00,0.02,4.92,82.09,1.48,0.61
05462000,1.48,0.00,2.81,3.74,1.05,0.24,0.29,2.02,0.01,0.03,0.00,0.04,5.89,79.57,0.74,2.10
05466500,0.20,0.00,2.88,2.71,0.40,0.04,0.01,8.61,0.03,0.07,0.00,0.03,8.25,76.01,0.62,0.14
05471500,0.37,0.00,3.54,3.27,1.27,0.22,0.07,3.16,0.02,0.04,0.00,0.01,8.32,78.25,1.16,0.31
05472500,0.43,0.00,2.58,3.26,0.43,0.06,0.04,4.58,0.01,0.05,0.00,0.02,18.62,68.28,1.33,0.30
05476500,2.47,0.00,3.73,1.75,0.52,0.08,0.06,1.10,0.00,0.00,0.00,0.39,5.95,79.96,0.24,3.73
05479000,0.75,0.00,2.94,2.02,0.47,0.08,0.06,0.43,0.00,0.00,0.00,0.01,2.39,88.73,0.85,1.27
05481000,0.24,0.00,2.64,2.56,0.62,0.16,0.06,0.26,0.00,0.00,0.00,0.01,1.68,90.24,1.07,0.46
05482500,0.85,0.00,3.20,2.24,0.57,0.08,0.09,1.01,0.01,0.03,0.00,0.04,3.30,87.33,0.44,0.81
05484500,0.68,0.00,3.23,2.37,0.55,0.09,0.10,3.33,0.02,0.08,0.00,0.08,7.77,80.36,0.71,0.65
05487980,0.49,0.00,2.52,3.07,0.42,0.07,0.01,23.20,0.20,0.47,0.01,0.10,49.73,18.47,1.02,0.20
05488200,0.24,0.00,3.15,2.55,0.20,0.02,0.15,19.24,0.01,0.19,0.01,0.02,40.08,33.43,0.62,0.10
05489000,0.20,0.00,2.18,2.22,0.14,0.02,0.10,30.35,0.07,0.23,0.02,0.13,46.53,16.77,0.98,0.06
05495000,0.60,0.00,2.56,2.51,0.32,0.05,0.08,19.75,0.20,0.44,0.01,0.09,38.15,32.04,2.87,0.35
05495500,0.18,0.00,1.85,3.22,0.43,0.03,0.03,15.08,0.07,0.17,0.00,0.01,14.74,63.50,0.66,0.04
05501000,0.37,0.00,3.19,1.77,0.30,0.05,0.11,24.43,0.10,0.31,0.00,0.06,23.61,43.54,2.03,0.14
05503800,0.27,0.00,2.84,2.12,0.37,0.03,0.01,10.77,0.00,0.03,0.01,0.04,22.53,57.44,3.19,0.35
05507600,0.32,0.00,2.84,2.25,0.31,0.07,0.01,5.65,0.00,0.02,0.00,0.00,14.51,72.38,1.58,0.07
05508000,1.69,0.00,2.88,2.43,0.48,0.10,0.16,16.39,0.08,0.23,0.01,0.07,30.20,42.40,2.46,0.41
05508805,0.24,0.00,2.79,1.78,0.36,0.08,0.07,20.75,0.03,0.12,0.00,0.01,18.97,53.46,1.25,0.07
05514500,0.43,0.00,3.23,2.06,0.32,0.04,0.08,21.33,0.05,0.15,0.00,0.06,21.96,48.71,1.53,0.05
05515500,1.02,0.00,5.90,5.18,1.34,0.40,0.11,8.82,0.17,0.52,0.95,0.20,4.46,63.31,5.90,1.72
05517000,0.56,0.00,5.57,4.49,1.30,0.39,0.07,9.08,0.23,0.38,0.51,0.77,3.68,67.36,5.01,0.58
05517500,0.83,0.00,5.41,4.72,1.14,0.31,0.07,9.34,0.20,0.43,0.66,0.78,3.70,66.27,5.03,1.13
05518000,0.74,0.00,5.31,5.13,1.16,0.31,0.06,8.87,0.18,0.39,0.58,0.78,3.64,67.43,4.38,1.05
05520500,0.78,0.00,4.97,5.40,1.27,0.29,0.06,8.52,0.15,0.37,0.53,0.88,3.84,67.95,3.95,1.04
05525500,0.05,0.00,2.78,2.94,0.37,0.04,0.00,0.54,0.00,0.01,0.00,0.01,0.96,91.53,0.71,0.06
05526000,0.21,0.00,2.81,3.60,0.56,0.11,0.06,3.02,0.03,0.07,0.05,0.29,1.43,86.17,1.30,0.28
05542000,1.27,0.00,2.13,4.80,0.94,0.07,0.03,1.71,0.00,0.03,0.01,0.48,0.42,87.83,0.22,0.05
05552500,3.03,0.00,9.05,12.78,5.95,1.11,0.54,8.44,0.08,0.33,0.10,0.22,6.74,44.53,3.69,3.42
05554500,0.25,0.00,2.49,3.68,0.61,0.11,0.18,0.53,0.00,0.02,0.01,0.04,0.82,90.83,0.40,0.03
05555300,0.34,0.00,2.68,4.00,0.82,0.15,0.17,1.42,0.00,0.03,0.01,0.07,1.18,88.82,0.31,0.03
05556500,0.04,0.00,3.64,2.50,0.74,0.17,0.02,2.99,0.03,0.04,0.00,0.03,1.86,87.20,0.66,0.08
05569500,0.60,0.00,3.70,2.38,0.50,0.09,0.05,10.91,0.01,0.03,0.00,0.13,7.45,73.86,0.23,0.05
05570000,0.70,0.00,3.37,2.46,0.46,0.07,0.08,12.66,0.01,0.04,0.00,0.10,8.67,71.04,0.27,0.06
05582000,0.71,0.00,3.54,3.50,1.59,0.33,0.08,2.90,0.01,0.06,0.01,0.02,3.06,83.41,0.74,0.03
05584500,0.18,0.00,2.90,2.83,0.58,0.10,0.15,13.09,0.04,0.06,0.00,0.01,10.81,68.30,0.85,0.12
05585000,0.25,0.00,2.53,2.94,0.49,0.09,0.12,18.01,0.03,0.06,0.00,0.02,12.36,61.91,1.06,0.12
05591550,0.00,0.00,3.03,3.84,0.92,0.35,0.00,2.33,0.00,0.05,0.00,0.00,1.44,88.01,0.02,0.00
05592050,0.05,0.00,2.86,3.04,0.19,0.01,0.00,6.37,0.01,0.14,0.00,0.00,5.08,82.02,0.24,0.01
05592500,1.21,0.00,3.42,3.57,0.80,0.16,0.02,10.87,0.02,0.15,0.01,0.03,5.27,73.57,0.73,0.18
05592575,0.24,0.00,2.98,3.20,0.16,0.00,0.00,27.65,0.03,0.24,0.00,0.01,8.88,56.56,0.01,0.02
05593000,2.38,0.00,3.15,3.73,0.71,0.13,0.02,12.30,0.02,0.17,0.01,0.03,6.21,69.63,1.17,0.33
05593575,0.49,0.00,2.38,5.28,1.33,0.34,0.00,5.29,0.01,0.12,0.00,0.01,1.65,80.49,2.61,0.01
05593900,0.13,0.00,2.91,5.39,0.80,0.11,0.96,8.22,0.01,0.07,0.00,0.05,4.79,76.48,0.06,0.00
05594000,1.19,0.00,3.39,3.78,0.66,0.10,0.11,17.31,0.01,0.16,0.00,0.03,8.01,63.76,1.42,0.07
05595730,0.38,0.00,3.55,3.44,0.39,0.02,0.00,23.71,0.00,0.17,0.00,0.01,13.35,52.92,2.01,0.04
06037500,0.26,0.00,0.29,0.42,0.06,0.00,0.14,0.00,44.64,0.00,48.08,1.12,0.00,0.00,2.98,2.00
06043500,0.09,0.00,0.62,0.94,0.13,0.00,1.09,0.01,66.08,0.00,25.83,3.41,0.09,0.00,1.20,0.50
06154410,0.00,0.00,0.70,0.92,0.03,0.00,0.49,1.69,66.29,0.45,24.02,3.83,0.00,0.00,1.40,0.18
06188000,0.10,0.00,0.11,0.25,0.04,0.00,2.30,0.00,31.21,0.00,59.61,4.26,0.01,0.00,1.17,0.96
06191500,5.35,0.02,0.13,0.29,0.06,0.00,2.43,0.00,35.40,0.00,46.24,5.92,0.01,0.01,2.29,1.85
06192500,4.05,0.01,0.29,0.44,0.06,0.00,2.09,0.04,38.59,0.00,40.89,9.21,0.66,0.37,1.86,1.44
06221400,1.29,5.04,0.00,0.00,0.00,0.00,20.32,0.02,20.28,0.00,33.67,18.79,0.00,0.00,0.58,0.01
06224000,2.26,2.63,0.00,0.00,0.00,0.00,13.74,0.02,34.00,0.00,29.42,17.15,0.00,0.00,0.66,0.12
06225500,0.90,0.62,0.17,0.35,0.04,0.00,7.15,0.07,31.38,0.00,48.54,7.36,1.15,0.17,1.37,0.71
06278300,0.55,0.00,0.01,0.00,0.00,0.00,1.96,0.00,30.08,0.00,34.54,31.19,0.00,0.00,1.01,0.66
06280300,0.05,0.11,0.01,0.18,0.06,0.01,20.08,0.01,38.99,0.00,32.41,7.09,0.25,0.00,0.60,0.14
06289000,0.00,0.00,0.53,0.31,0.00,0.00,0.01,0.08,64.88,0.01,25.82,7.81,0.01,0.00,0.36,0.18
06291500,0.00,0.00,0.49,0.11,0.00,0.00,0.03,2.07,27.74,0.00,52.56,10.37,0.21,1.14,4.25,1.02
06311000,0.00,0.00,0.79,0.09,0.01,0.00,0.02,0.00,55.31,0.00,32.11,8.57,0.00,0.00,1.89,1.21
06332515,0.08,0.00,1.64,1.23,0.03,0.00,0.00,10.98,0.00,0.03,34.00,30.52,0.91,20.23,0.14,0.21
06334500,0.26,0.00,0.76,0.39,0.04,0.00,0.04,0.01,2.80,0.00,20.81,68.92,2.52,2.57,0.19,0.68
06339100,0.08,0.00,2.63,0.81,0.03,0.00,0.02,0.42,0.00,0.10,15.13,55.60,6.16,18.89,0.07,0.06
06339500,0.20,0.00,2.16,0.68,0.03,0.00,0.03,0.75,0.00,0.03,6.52,53.75,3.97,31.31,0.15,0.42
06340500,0.22,0.00,2.18,0.84,0.07,0.01,0.12,0.74,0.00,0.02,4.33,56.91,3.98,29.89,0.22,0.48
06344600,0.05,0.00,3.98,0.63,0.01,0.00,0.00,0.03,0.00,0.00,3.13,39.55,14.92,36.73,0.10,0.89
06350000,0.18,0.00,2.52,1.04,0.03,0.00,0.02,0.03,0.01,0.00,2.28,25.06,6.86,61.40,0.14,0.44
06352000,0.13,0.00,2.41,0.78,0.01,0.00,0.05,0.02,0.00,0.00,1.29,25.26,7.07,61.74,0.15,1.09
06353000,0.22,0.00,1.99,0.69,0.02,0.00,0.03,0.05,0.00,0.00,0.72,48.24,6.69,40.12,0.14,1.08
06354000,0.20,0.00,1.95,0.75,0.02,0.00,0.06,0.10,0.00,0.00,0.80,48.54,5.42,41.10,0.19,0.87
06359500,0.32,0.00,0.70,0.31,0.00,0.00,0.10,0.01,0.45,0.05,2.70,88.47,2.31,4.05,0.15,0.38
06360500,0.55,0.00,0.92,0.35,0.02,0.00,0.10,0.07,0.24,0.03,1.50,82.42,2.56,10.31,0.20,0.73
06404000,0.06,0.00,1.31,2.12,0.29,0.00,0.00,0.00,86.44,0.00,4.76,4.99,0.01,0.00,0.01,0.00
06406000,0.06,0.00,1.95,2.26,0.14,0.00,0.00,0.02,62.47,0.01,4.54,27.27,0.85,0.21,0.09,0.13
06408700,0.00,0.00,2.64,0.59,0.00,0.00,0.03,0.00,93.93,0.00,2.08,0.73,0.00,0.00,0.00,0.00
06409000,0.01,0.00,2.30,0.79,0.00,0.00,0.03,0.00,89.89,0.01,4.83,2.01,0.01,0.00,0.05,0.07
06426500,0.08,0.00,2.12,0.73,0.27,0.03,1.11,0.00,0.48,0.00,66.04,24.35,3.58,0.82,0.08,0.31
06431500,0.04,0.00,2.21,1.58,0.16,0.02,0.48,0.22,87.92,2.07,3.83,1.25,0.18,0.00,0.03,0.03
06440200,0.37,0.00,0.76,1.06,0.02,0.00,7.00,0.01,0.00,0.00,0.05,78.76,1.62,9.71,0.21,0.43
06441500,0.53,0.00,0.78,0.90,0.04,0.00,0.66,0.01,0.00,0.00,0.10,73.08,1.18,21.64,0.38,0.68
06447000,0.16,0.00,0.67,0.88,0.04,0.00,8.21,0.10,5.43,0.31,0.54,74.93,0.66,6.91,0.47,0.70
06447500,0.47,0.00,1.34,0.83,0.08,0.01,0.01,0.00,0.01,0.00,0.01,49.89,0.00,41.72,0.02,5.61
06450500,0.52,0.00,0.77,0.78,0.05,0.00,0.31,0.73,0.12,1.78,0.10,74.75,0.26,14.95,0.76,4.12
06452000,0.34,0.00,0.72,0.88,0.05,0.01,4.75,0.24,2.79,0.44,0.30,74.10,0.61,12.73,0.71,1.34
06453600,0.20,0.00,2.66,0.89,0.09,0.01,0.02,1.11,0.06,0.01,0.00,61.50,0.54,30.79,0.67,1.45
06454500,0.01,0.00,1.40,0.44,0.03,0.00,0.02,0.00,0.85,0.00,0.98,89.89,1.42,4.13,0.02,0.81
06464500,0.19,0.00,0.83,0.93,0.04,0.01,0.01,0.03,0.00,0.01,0.00,83.49,0.15,8.73,0.37,5.21
06468170,1.44,0.00,2.78,1.29,0.11,0.01,0.02,0.34,0.00,0.00,0.00,3.42,11.88,73.47,0.15,5.10
06468250,1.62,0.00,2.73,1.24,0.10,0.01,0.02,0.37,0.00,0.00,0.00,3.60,14.33,69.98,0.14,5.86
06470800,2.38,0.00,2.67,0.94,0.06,0.00,0.01,0.31,0.00,0.00,0.00,0.01,18.24,68.61,0.09,6.68
06477500,1.30,0.00,2.89,0.70,0.13,0.01,0.01,0.40,0.01,0.00,0.00,6.53,44.57,39.41,0.01,4.03
06479215,1.05,0.00,3.74,1.20,0.45,0.03,0.27,0.54,0.00,0.00,0.00,32.96,1.31,56.50,0.14,1.82
06479438,1.62,0.00,3.69,0.88,0.23,0.01,0.09,0.53,0.00,0.00,0.00,25.56,5.95,59.58,0.08,1.78
06480000,4.04,0.00,4.04,1.41,0.50,0.09,0.07,0.71,0.01,0.00,0.00,9.55,12.31,63.02,0.06,4.19
06600500,0.15,0.00,4.15,2.26,1.06,0.17,0.05,0.30,0.00,0.00,0.00,0.34,2.18,88.90,0.06,0.38
06601000,0.06,0.00,3.71,1.48,0.18,0.02,0.03,5.87,0.01,0.01,0.00,10.45,4.46,73.40,0.29,0.04
06606600,1.86,0.00,3.56,1.97,0.56,0.10,0.10,1.78,0.04,0.07,0.00,0.49,7.09,80.13,0.33,1.92
06607200,0.17,0.00,3.91,1.58,0.36,0.06,0.03,0.56,0.00,0.00,0.00,0.88,3.73,88.34,0.14,0.22
06609500,0.39,0.00,3.48,2.20,0.44,0.08,0.10,3.40,0.01,0.01,0.00,0.45,8.48,80.62,0.15,0.19
06614800,1.33,0.00,0.00,0.00,0.00,0.00,22.32,0.00,27.73,0.00,42.62,3.88,0.00,0.00,1.20,0.93
06622700,0.08,0.00,1.77,0.19,0.00,0.00,0.01,0.91,87.97,0.12,5.55,0.32,0.00,0.00,2.37,0.72
06623800,0.04,0.00,0.38,0.26,0.00,0.00,0.11,0.03,87.49,0.00,6.47,1.44,0.00,0.00,2.53,1.23
06632400,0.18,0.00,0.72,0.13,0.00,0.00,0.09,0.26,81.09,0.02,11.66,0.91,0.00,0.00,2.64,2.31
06746095,0.00,0.01,0.01,1.47,0.14,0.00,4.09,0.00,67.05,0.00,17.33,9.33,0.00,0.00,0.57,0.00
06784000,0.18,0.00,1.82,1.08,0.11,0.02,0.02,0.27,0.00,0.18,0.00,67.45,0.00,26.81,0.59,1.48
06799500,0.12,0.00,3.86,1.58,0.30,0.06,0.01,0.44,0.00,0.00,0.00,3.14,1.82,88.39,0.14,0.13
06803510,0.25,0.00,2.58,3.53,0.98,0.12,0.04,3.21,0.17,0.00,0.00,29.50,12.00,45.68,0.01,1.92
06803530,0.12,0.00,3.46,1.90,0.46,0.02,0.01,2.43,0.06,0.01,0.00,8.78,3.26,77.63,0.04,1.85
06808500,0.24,0.00,2.44,2.95,0.37,0.07,0.05,1.16,0.00,0.01,0.00,0.18,4.25,87.74,0.42,0.12
06810000,0.37,0.00,2.39,3.21,0.44,0.08,0.06,1.65,0.00,0.02,0.00,0.37,7.40,83.12,0.51,0.36
06811500,0.53,0.00,2.46,2.95,0.44,0.04,0.03,3.06,0.11,0.03,0.00,11.17,7.41,71.23,0.47,0.08
06813000,0.07,0.00,2.58,2.54,0.18,0.02,0.02,2.71,0.00,0.02,0.00,0.03,12.39,79.09,0.27,0.08
06814000,0.27,0.00,2.94,1.20,0.12,0.01,0.04,9.21,0.26,0.04,0.00,44.97,6.77,34.07,0.08,0.01
06815000,0.47,0.00,2.84,2.14,0.27,0.05,0.05,6.31,0.17,0.06,0.00,26.62,12.33,48.28,0.31,0.11
06817000,0.35,0.00,2.16,3.28,0.28,0.04,0.03,4.24,0.08,0.24,0.00,0.05,28.39,60.36,0.45,0.07
06817500,0.48,0.00,2.26,3.09,0.24,0.04,0.07,5.58,0.10,0.26,0.00,0.04,31.66,55.46,0.62,0.11
06820500,0.49,0.00,3.02,2.62,0.49,0.11,0.03,8.00,0.04,0.10,0.01,0.03,34.87,48.81,1.16,0.21
06847000,0.02,0.00,2.78,0.70,0.09,0.01,0.01,0.01,0.00,0.00,0.00,33.37,0.02,62.53,0.39,0.06
06847900,0.02,0.00,3.41,1.00,0.20,0.04,0.01,0.02,0.00,0.00,0.00,27.29,0.01,67.62,0.36,0.03
06853800,0.22,0.00,2.77,1.79,0.06,0.01,0.01,3.71,0.00,0.00,0.00,42.85,0.00,48.09,0.40,0.08
06860000,0.01,0.00,2.01,0.45,0.02,0.00,0.12,0.00,0.00,0.00,0.02,43.19,0.17,53.85,0.02,0.14
06869500,0.61,0.00,2.24,1.37,0.11,0.01,0.09,0.64,0.00,0.00,0.00,53.33,0.01,41.07,0.36,0.17
06876700,0.45,0.00,2.61,0.73,0.02,0.00,0.03,1.51,0.00,0.00,0.00,52.77,0.00,41.68,0.13,0.05
06878000,0.21,0.00,2.98,1.17,0.06,0.00,0.01,3.71,0.01,0.00,0.00,53.76,0.00,37.94,0.12,0.01
06879650,0.00,0.00,1.27,0.12,0.00,0.00,0.00,5.61,0.00,0.00,0.00,92.99,0.00,0.00,0.01,0.00
06883000,0.27,0.00,3.64,2.44,0.28,0.04,0.00,0.23,0.00,0.00,0.00,12.15,0.00,78.36,0.16,2.43
06884400,0.57,0.00,3.40,1.42,0.29,0.05,0.07,2.07,0.04,0.25,0.00,30.48,0.05,60.42,0.37,0.51
06885500,0.57,0.00,2.61,2.08,0.21,0.02,0.04,4.02,0.07,0.00,0.00,22.48,1.84,65.96,0.10,0.01
06888500,0.34,0.00,1.71,1.19,0.27,0.01,0.01,6.64,0.05,0.02,0.00,81.81,1.91,5.94,0.10,0.00
06889200,0.21,0.00,2.61,1.39,0.07,0.00,0.04,10.98,0.23,0.16,0.00,30.60,32.01,21.32,0.36,0.01
06889500,0.36,0.00,2.75,2.36,0.34,0.06,0.03,11.11,0.22,0.15,0.00,22.56,36.52,23.13,0.36,0.03
06892000,0.48,0.00,2.84,2.94,0.29,0.03,0.08,16.52,0.04,0.12,0.01,0.07,39.01,37.26,0.28,0.02
06894000,3.08,0.00,12.95,23.60,12.52,2.84,0.16,18.27,0.02,0.13,0.01,0.22,19.32,6.35,0.48,0.04
06897500,0.67,0.00,2.92,1.69,0.24,0.03,0.07,15.18,0.05,0.20,0.01,0.08,54.69,22.85,1.24,0.09
06898000,0.83,0.00,2.01,2.95,0.18,0.02,0.08,15.61,0.19,0.44,0.01,0.08,48.80,27.62,1.05,0.14
06899500,0.73,0.00,2.29,2.31,0.17,0.02,0.15,18.37,0.18,0.48,0.02,0.12,47.92,25.85,1.24,0.15
06903400,0.53,0.00,2.26,2.89,0.30,0.07,0.00,6.61,0.04,0.09,0.00,0.05,41.72,41.95,2.66,0.82
06906800,0.38,0.00,3.97,1.37,0.42,0.06,0.04,26.74,0.70,0.93,0.01,0.16,46.34,18.15,0.68,0.04
06908000,0.63,0.00,3.52,2.50,0.76,0.16,0.08,16.39,0.03,0.10,0.00,0.07,41.59,32.11,1.86,0.18
06910800,0.40,0.00,1.96,1.23,0.19,0.00,0.05,5.24,0.00,0.00,0.00,74.21,3.56,12.87,0.29,0.01
06911900,0.22,0.00,3.28,1.53,0.27,0.01,0.00,8.40,0.02,0.01,0.00,53.44,13.64,18.95,0.22,0.01
06913500,1.81,0.00,2.74,2.56,0.41,0.04,0.15,10.36,0.08,0.13,0.00,27.98,30.20,23.03,0.38,0.12
06914000,0.65,0.00,2.49,2.07,0.10,0.00,0.04,7.51,0.33,0.31,0.00,2.43,41.68,41.99,0.36,0.03
06917000,0.37,0.00,2.96,1.59,0.17,0.00,0.04,17.00,0.88,2.36,0.01,0.22,56.38,17.94,0.05,0.02
06918460,0.07,0.00,4.26,0.95,0.19,0.01,0.23,27.19,0.11,0.60,0.00,0.02,64.70,1.51,0.15,0.00
06919500,0.24,0.00,3.47,0.61,0.10,0.02,0.07,25.22,0.27,1.07,0.00,0.06,60.48,8.09,0.28,0.02
06921070,0.11,0.00,4.54,1.39,0.44,0.05,0.09,26.96,0.82,2.71,0.00,0.03,62.19,0.56,0.09,0.01
06921200,0.20,0.00,4.21,1.48,0.50,0.08,0.03,23.06,0.32,1.36,0.00,0.03,67.44,1.11,0.15,0.03
06928000,0.12,0.00,3.91,0.71,0.20,0.03,0.06,43.38,0.96,1.54,0.03,0.18,48.56,0.21,0.09,0.01
06933500,0.20,0.00,3.84,1.05,0.36,0.06,0.19,51.92,2.22,2.17,0.06,0.33,37.30,0.18,0.08,0.02
06934000,0.27,0.00,3.77,1.02,0.35,0.05,0.18,52.34,2.19,2.38,0.06,0.34,36.66,0.24,0.12,0.03
07014500,0.28,0.00,3.75,0.85,0.23,0.05,0.20,67.82,1.95,1.95,0.20,0.38,22.12,0.06,0.13,0.04
07019000,0.57,0.00,4.83,1.76,0.54,0.09,0.30,58.40,2.24,5.15,0.13,0.35,24.17,1.06,0.33,0.11
07029500,0.74,0.00,5.92,1.65,0.43,0.13,0.03,27.63,11.23,9.40,3.37,2.35,19.94,6.39,10.42,0.38
07049000,0.05,0.00,3.70,0.72,0.28,0.03,0.06,56.22,0.72,1.80,0.06,0.67,35.62,0.00,0.05,0.01
07052500,0.16,0.00,7.18,5.51,2.87,0.79,0.14,28.34,0.18,0.83,0.02,0.08,53.64,0.15,0.08,0.03
07056000,0.13,0.00,2.66,0.27,0.03,0.00,0.11,76.82,2.38,4.55,0.22,0.57,12.22,0.00,0.02,0.01
07057500,0.10,0.00,3.45,0.27,0.05,0.00,0.05,56.14,4.12,2.69,0.14,0.40,32.53,0.02,0.03,0.01
07058000,0.07,0.00,3.55,0.23,0.01,0.00,0.08,58.94,1.37,4.09,0.26,0.34,30.95,0.04,0.04,0.02
07060710,0.01,0.00,1.92,0.11,0.00,0.00,0.02,80.35,7.37,7.79,0.33,0.14,1.94,0.00,0.01,0.00
07066000,0.07,0.00,3.05,0.37,0.11,0.02,0.15,70.36,1.49,2.18,0.77,1.22,20.03,0.00,0.13,0.06
07067000,0.16,0.00,2.85,0.30,0.07,0.01,0.15,72.73,2.73,3.15,0.87,0.83,15.96,0.00,0.14,0.04
07068000,0.22,0.00,2.76,0.29,0.08,0.01,0.15,74.07,2.77,3.89,0.74,0.73,13.87,0.00,0.37,0.06
07069500,0.36,0.00,4.24,1.18,0.32,0.07,0.10,55.75,0.23,2.55,0.20,0.68,34.15,0.03,0.11,0.03
07071500,0.11,0.00,3.27,0.46,0.20,0.02,0.07,59.65,2.92,2.91,0.33,0.82,29.10,0.01,0.10,0.02
07072000,0.15,0.00,3.19,0.40,0.15,0.01,0.06,57.67,2.18,2.79,0.28,0.68,32.24,0.01,0.15,0.02
07083000,0.08,0.01,0.28,0.16,0.00,0.00,28.03,0.40,29.33,0.00,23.27,15.83,0.00,0.00,1.81,0.80
07142300,0.03,0.00,3.11,1.10,0.12,0.02,0.00,0.04,0.00,0.00,0.00,33.83,0.00,61.03,0.52,0.19
07144200,0.30,0.00,3.77,2.98,0.89,0.20,0.04,1.82,0.01,0.00,0.00,20.79,0.02,68.69,0.38,0.12
07144780,0.19,0.00,3.41,1.61,0.08,0.01,0.00,0.63,0.00,0.01,0.00,39.78,0.00,52.13,0.83,1.32
07145700,0.15,0.00,3.74,2.22,0.76,0.12,0.01,1.23,0.00,0.00,0.00,16.84,0.00,74.26,0.65,0.02
07147070,0.52,0.00,3.25,1.68,0.19,0.01,0.01,2.78,0.00,0.00,0.00,32.64,1.09,56.43,1.37,0.03
07147800,1.58,0.00,2.86,2.63,0.84,0.12,0.06,3.14,0.00,0.00,0.00,61.04,0.92,25.54,1.23,0.05
07148400,0.19,0.00,1.39,0.55,0.13,0.02,0.01,0.31,0.02,0.09,0.01,83.83,0.00,12.93,0.27,0.25
07149000,0.30,0.00,1.77,0.72,0.09,0.01,0.05,0.84,0.02,0.04,0.00,72.19,0.00,22.69,1.03,0.23
07151500,0.29,0.00,3.40,1.10,0.09,0.01,0.04,1.61,0.00,0.00,0.00,37.50,0.00,55.45,0.43,0.08
07152000,0.34,0.00,3.59,1.13,0.20,0.03,0.02,1.20,0.00,0.00,0.00,29.90,0.01,62.61,0.89,0.10
07163000,0.45,0.00,3.86,1.12,0.05,0.00,0.02,15.26,1.69,0.00,0.00,73.78,0.84,2.92,0.00,0.00
07167500,0.42,0.00,2.00,0.87,0.25,0.00,0.15,9.06,0.01,0.01,0.00,69.24,14.17,3.52,0.30,0.02
07172000,0.56,0.00,1.64,0.66,0.08,0.00,0.19,8.61,0.14,0.09,0.00,75.90,10.77,1.29,0.03,0.02
07177500,2.38,0.00,2.29,1.60,0.34,0.06,0.10,28.12,0.03,0.01,0.01,53.36,10.74,0.73,0.19,0.05
07180500,0.32,0.00,1.97,0.67,0.05,0.00,0.02,2.04,0.00,0.00,0.00,86.34,1.57,6.38,0.61,0.02
07183000,1.47,0.00,2.31,1.87,0.31,0.06,0.13,4.22,0.02,0.03,0.00,54.12,7.76,26.83,0.67,0.22
07184000,0.74,0.00,3.29,2.19,0.22,0.03,0.13,5.44,0.00,0.07,0.00,0.00,45.27,38.87,3.65,0.10
07186000,0.34,0.00,4.08,2.27,0.66,0.14,0.07,10.61,0.02,0.11,0.00,0.01,53.67,26.54,1.39,0.09
07195800,0.11,0.00,5.81,0.93,0.30,0.00,0.02,30.05,0.01,0.04,0.00,0.65,62.01,0.04,0.01,0.01
07196500,0.37,0.00,6.67,5.12,3.20,0.85,0.23,34.84,0.75,1.75,0.07,0.41,45.08,0.09,0.50,0.08
07196900,0.05,0.00,4.22,0.95,0.32,0.03,0.12,44.10,0.70,2.16,0.12,1.04,46.10,0.00,0.08,0.00
07197000,0.06,0.00,4.08,0.71,0.23,0.02,0.17,47.86,1.00,2.85,0.24,1.31,41.24,0.01,0.14,0.05
07208500,0.11,0.00,0.13,0.11,0.00,0.00,0.00,0.61,79.79,0.50,7.06,7.60,0.00,0.00,1.10,3.00
07211500,0.29,0.00,0.78,0.51,0.05,0.00,0.09,0.66,35.85,0.20,21.32,38.22,0.07,0.35,0.33,1.26
07221000,0.29,0.00,0.93,0.50,0.01,0.00,0.05,1.15,40.85,1.43,39.84,9.93,2.53,0.07,0.38,2.02
07226500,0.01,0.00,0.95,0.05,0.00,0.00,0.01,0.00,1.06,0.00,61.03,36.80,0.00,0.03,0.00,0.06
07243500,0.85,0.00,4.02,2.48,1.31,0.32,0.01,37.43,0.04,0.00,0.00,41.67,9.48,1.10,1.03,0.25
07252000,0.18,0.00,2.21,0.12,0.02,0.00,0.02,76.91,9.10,6.82,0.22,0.16,4.19,0.00,0.04,0.01
07261000,0.33,0.00,4.59,1.33,0.47,0.18,0.25,24.05,11.33,13.54,1.50,2.75,39.62,0.00,0.03,0.01
07263295,0.16,0.00,3.65,0.76,0.02,0.00,0.01,10.76,53.36,16.97,4.38,9.25,0.65,0.00,0.03,0.00
07288500,1.33,0.00,2.42,2.97,0.50,0.13,0.00,0.02,0.00,0.01,0.00,0.01,0.12,82.03,10.34,0.12
07290000,0.91,0.00,4.42,1.35,0.31,0.06,0.06,12.79,18.61,11.70,3.55,2.63,22.73,6.76,13.98,0.12
07290650,0.53,0.00,4.17,0.89,0.15,0.03,0.25,15.29,19.95,20.45,5.85,4.20,19.28,1.09,7.82,0.05
07291000,0.13,0.00,3.16,0.35,0.04,0.03,0.39,6.34,37.80,26.83,5.61,3.29,10.96,0.00,4.99,0.07
07292500,0.38,0.00,3.87,0.71,0.07,0.01,0.87,5.13,41.92,25.57,5.62,2.80,8.07,0.12,4.80,0.06
07295000,0.12,0.00,3.39,0.78,0.06,0.00,0.71,3.45,45.62,24.51,7.29,4.30,5.50,0.00,4.24,0.04
07299670,0.09,0.00,2.96,1.33,0.17,0.03,0.08,0.00,0.17,0.96,58.22,0.02,0.00,35.73,0.19,0.02
07301410,0.08,0.00,3.58,2.18,0.27,0.01,0.02,2.53,0.00,0.00,7.91,66.98,0.43,14.14,1.24,0.61
07301500,0.29,0.00,3.56,1.75,0.24,0.02,0.47,1.54,0.01,0.93,13.34,54.88,0.37,21.11,0.85,0.65
07307800,0.52,0.00,1.62,0.35,0.03,0.00,0.54,0.74,2.14,0.19,64.39,9.64,0.21,18.71,0.29,0.62
07315200,0.21,0.00,2.20,1.06,0.13,0.00,0.00,5.72,0.04,0.00,0.18,85.28,0.12,4.99,0.07,0.00
07315700,0.44,0.00,2.08,0.78,0.08,0.01,0.01,10.92,0.02,0.00,0.01,77.33,0.92,7.28,0.10,0.03
07335700,0.00,0.00,1.24,0.24,0.00,0.00,0.01,41.00,30.06,25.53,0.33,0.24,1.36,0.00,0.00,0.00
07340000,1.32,0.00,4.44,1.10,0.20,0.04,0.15,15.22,33.70,13.59,7.98,6.42,12.38,0.00,3.25,0.19
07340300,0.06,0.00,2.26,0.14,0.01,0.00,0.01,32.72,26.85,33.61,1.99,0.97,1.35,0.00,0.00,0.00
07346000,6.74,0.00,4.93,2.41,0.75,0.24,0.70,2.44,13.80,15.45,2.74,2.13,35.42,0.04,11.69,0.52
07346045,0.44,0.00,3.63,1.06,0.25,0.04,0.42,1.97,28.92,13.97,6.48,4.84,22.99,0.01,14.65,0.34
07346050,1.05,0.00,4.37,1.44,0.35,0.06,0.15,1.86,11.31,23.04,1.94,1.64,38.87,0.01,13.31,0.62
07346070,0.84,0.00,4.67,1.71,0.37,0.06,0.21,1.55,17.31,20.42,3.55,2.39,32.46,0.01,13.96,0.49
07359610,0.05,0.00,2.82,0.84,0.15,0.01,0.11,34.29,18.04,30.03,1.72,1.16,10.74,0.00,0.04,0.01
07362100,0.15,0.00,3.03,0.87,0.07,0.01,0.05,1.18,64.11,0.13,3.49,4.00,2.66,0.00,20.22,0.04
07362587,0.00,0.00,3.22,0.17,0.00,0.00,0.00,11.28,51.97,27.93,3.55,1.66,0.22,0.00,0.00,0.00
07363500,0.61,0.00,5.44,2.04,0.44,0.08,0.31,9.06,42.03,4.01,5.90,4.68,6.58,0.01,18.62,0.18
07373000,0.10,0.00,5.32,1.78,0.21,0.02,0.04,0.06,68.06,0.19,3.58,1.10,1.45,0.00,17.97,0.10
07375000,0.28,0.00,4.84,0.67,0.04,0.00,0.04,0.01,24.89,2.98,7.32,2.68,33.70,0.65,21.78,0.12
07375500,0.58,0.00,6.25,2.14,0.55,0.11,0.49,0.13,26.61,7.16,5.80,2.79,29.43,0.32,17.28,0.35
07376000,0.11,0.00,4.35,0.85,0.10,0.02,0.04,0.11,35.45,4.53,6.38,4.67,18.81,0.11,24.28,0.19
07378000,0.43,0.00,6.96,3.99,1.39,0.29,0.16,0.54,16.53,6.32,2.03,0.87,33.54,0.68,25.98,0.29
07378500,0.55,0.00,5.98,2.83,0.98,0.19,0.97,0.60,29.08,8.56,5.09,2.71,20.54,0.27,21.32,0.33
08013000,0.06,0.00,4.14,1.44,0.05,0.00,0.21,0.03,51.08,0.58,7.50,8.14,2.94,0.00,23.62,0.21
08013500,0.07,0.00,4.26,1.55,0.15,0.02,0.16,0.02,50.77,0.40,6.82,7.89,3.07,0.19,24.41,0.22
08014500,0.06,0.00,4.20,1.66,0.23,0.04,0.51,0.02,57.40,1.26,5.82,6.90,4.59,0.06,17.10,0.14
08015500,0.25,0.00,4.62,1.94,0.37,0.08,0.32,0.01,49.74,1.04,6.88,6.88,6.17,0.76,20.74,0.20
08023080,0.33,0.00,3.77,1.17,0.86,0.18,0.32,0.05,35.90,8.25,3.20,3.19,23.29,0.00,19.09,0.40
08025500,0.27,0.00,4.43,1.05,0.34,0.02,0.12,0.04,58.82,1.66,9.22,6.76,6.86,0.00,10.33,0.06
08029500,0.04,0.00,3.99,1.24,0.08,0.01,0.10,0.01,44.95,3.53,15.66,10.81,3.81,0.00,15.50,0.27
08032000,4.10,0.00,5.78,2.89,0.90,0.22,0.17,0.90,7.49,17.06,0.62,0.66,43.76,0.05,14.92,0.47
08033500,1.55,0.00,4.82,1.88,0.53,0.14,0.12,0.35,29.46,12.69,3.34,3.34,26.55,0.03,14.82,0.39
08050800,0.22,0.00,3.78,3.72,0.47,0.04,0.02,28.84,0.90,0.01,0.00,44.78,16.98,0.00,0.22,0.02
08055500,4.45,0.00,3.19,6.80,5.83,0.99,0.16,10.06,0.09,0.01,0.00,51.00,6.15,10.65,0.50,0.15
08066200,0.18,0.00,5.12,2.03,0.71,0.16,0.15,0.00,42.12,7.65,6.17,4.55,17.90,0.00,13.00,0.26
08066300,0.07,0.00,6.50,0.91,0.10,0.00,0.08,0.00,46.94,8.79,9.88,5.81,6.60,0.00,14.06,0.25
08070000,0.45,0.00,4.51,1.38,0.32,0.08,0.13,0.01,50.47,7.12,3.54,2.64,17.65,0.00,11.26,0.45
08070200,0.43,0.00,5.80,1.91,0.37,0.08,0.17,0.01,45.32,10.12,3.73,2.52,16.28,0.00,12.64,0.60
08079600,0.45,0.00,2.18,0.20,0.01,0.00,1.50,0.26,0.83,0.00,54.52,4.63,0.22,34.48,0.07,0.64
08082700,0.19,0.00,2.45,0.14,0.01,0.00,0.17,0.08,0.06,0.17,36.11,5.22,0.00,55.32,0.07,0.01
08085500,0.52,0.00,3.05,1.48,0.72,0.14,0.10,0.58,3.76,0.67,54.11,3.07,0.04,31.54,0.14,0.07
08086212,0.28,0.00,1.81,1.28,0.23,0.02,0.06,1.29,3.69,0.05,66.10,19.75,0.10,5.27,0.05,0.01
08086290,0.45,0.00,2.12,1.12,0.18,0.02,0.00,0.53,7.91,0.00,68.58,12.14,0.90,5.90,0.14,0.01
08095000,0.46,0.00,2.80,3.08,0.55,0.11,0.08,2.22,10.84,0.00,14.53,58.35,2.02,3.36,1.59,0.01
08101000,0.10,0.00,2.18,2.07,0.06,0.00,0.02,0.81,11.15,0.00,52.07,24.96,0.50,5.66,0.41,0.00
08103800,0.17,0.00,1.94,2.04,0.24,0.03,0.04,0.54,8.70,0.00,76.95,6.66,0.36,2.04,0.29,0.00
08103900,0.05,0.00,1.79,0.64,0.01,0.00,0.03,0.03,14.35,0.00,78.92,4.11,0.02,0.00,0.04,0.00
08104900,0.08,0.00,4.02,5.57,1.56,0.26,0.85,0.43,28.51,0.00,46.26,11.79,0.11,0.15,0.41,0.00
08109700,0.38,0.00,3.30,1.38,0.14,0.01,0.27,11.86,1.23,9.15,2.99,0.86,62.16,0.10,5.79,0.38
08146000,0.14,0.00,1.05,0.58,0.08,0.01,0.04,0.25,2.67,0.07,90.49,0.84,0.11,3.58,0.09,0.00
08150000,0.05,0.00,0.34,0.39,0.07,0.01,0.02,0.82,4.14,0.06,93.95,0.00,0.00,0.11,0.04,0.00
08150700,0.09,0.00,0.48,0.38,0.07,0.01,0.03,1.44,7.02,0.05,90.11,0.02,0.07,0.17,0.06,0.00
08150800,0.02,0.00,1.90,0.17,0.01,0.00,0.00,0.02,10.94,0.00,85.87,0.04,0.18,0.84,0.00,0.00
08155200,0.06,0.00,6.07,6.68,1.29,0.27,0.01,0.05,35.74,0.00,49.19,0.59,0.00,0.00,0.06,0.00
08158700,0.09,0.00,3.20,3.45,0.53,0.09,0.01,0.15,30.99,0.00,59.76,1.55,0.03,0.00,0.15,0.00
08158810,0.03,0.00,8.38,11.28,4.29,0.05,0.00,0.27,33.04,0.00,40.19,2.33,0.00,0.00,0.14,0.00
08164000,0.13,0.00,3.40,1.44,0.26,0.05,0.03,5.69,6.73,4.82,6.09,0.01,66.88,0.79,3.55,0.13
08164300,0.18,0.00,4.25,1.51,0.29,0.06,0.00,2.40,3.57,2.96,0.25,0.01,79.56,0.40,4.51,0.03
08164600,0.05,0.00,1.70,1.01,0.14,0.00,0.02,0.09,9.76,3.69,10.35,0.02,68.54,2.08,1.84,0.71
08165300,0.12,0.00,0.53,0.16,0.01,0.00,0.01,1.26,30.37,0.01,67.47,0.00,0.00,0.00,0.06,0.00
08167500,0.18,0.00,2.41,2.36,0.48,0.07,0.09,1.00,29.11,0.01,63.29,0.16,0.22,0.51,0.11,0.00
08171000,0.16,0.00,2.78,2.66,0.24,0.03,0.03,0.54,27.82,0.00,65.04,0.35,0.11,0.12,0.13,0.00
08171300,0.20,0.00,2.79,2.62,0.22,0.02,0.04,0.54,31.83,0.00,59.88,1.31,0.14,0.22,0.18,0.00
08172000,0.31,0.00,3.69,3.99,1.04,0.21,0.24,2.19,22.38,0.18,41.98,2.73,15.25,4.78,1.02,0.01
08175000,0.24,0.00,2.29,1.01,0.16,0.01,0.05,8.12,0.07,0.80,41.72,0.04,41.07,1.03,3.34,0.07
08176900,0.05,0.00,3.40,1.17,0.12,0.01,0.01,4.80,2.67,4.12,21.14,0.00,58.29,2.14,2.04,0.03
08178880,0.15,0.00,1.81,0.94,0.11,0.02,0.06,0.33,42.24,0.00,53.67,0.30,0.13,0.07,0.18,0.00
08189500,0.04,0.00,1.47,1.21,0.15,0.01,0.13,0.29,0.27,3.05,60.89,0.14,27.50,2.32,2.29,0.25
08190000,0.07,0.00,0.56,0.47,0.03,0.00,0.31,1.61,26.89,0.01,69.75,0.01,0.00,0.07,0.23,0.00
08190500,0.02,0.00,0.35,0.17,0.00,0.00,0.07,0.24,4.64,0.00,94.46,0.00,0.00,0.01,0.04,0.00
08194200,0.32,0.00,0.12,0.40,0.12,0.00,0.22,0.00,0.00,0.00,95.15,1.33,1.91,0.00,0.19,0.24
08195000,0.07,0.00,1.39,0.90,0.06,0.00,0.08,0.77,39.40,0.00,56.83,0.00,0.00,0.07,0.42,0.00
08196000,0.02,0.00,0.82,0.33,0.01,0.00,0.04,0.00,46.72,0.00,51.87,0.00,0.00,0.01,0.19,0.00
08198500,0.03,0.00,1.94,0.89,0.09,0.00,0.23,0.03,39.61,0.00,51.10,0.06,0.07,5.37,0.57,0.00
08200000,0.09,0.00,1.61,0.44,0.01,0.00,0.06,0.01,40.06,0.00,57.31,0.07,0.02,0.31,0.02,0.00
08202700,0.02,0.00,1.01,0.31,0.02,0.00,0.28,0.00,38.85,0.00,56.54,0.01,0.10,2.83,0.02,0.00
08205500,0.07,0.00,1.49,0.95,0.18,0.03,0.12,0.28,16.58,0.39,66.46,0.37,1.31,10.90,0.84,0.01
08267500,0.01,0.00,0.28,0.95,0.07,0.00,5.12,6.50,72.03,4.28,9.04,1.50,0.00,0.00,0.16,0.07
08269000,0.04,0.00,0.01,0.00,0.00,0.00,0.41,3.28,84.57,4.87,2.25,4.35,0.00,0.00,0.22,0.01
08271000,0.04,0.00,0.01,0.00,0.00,0.00,6.81,8.16,56.70,4.71,15.73,7.55,0.00,0.00,0.25,0.03
08324000,0.02,0.00,1.14,0.70,0.01,0.00,0.04,2.42,75.64,2.63,11.54,3.21,0.16,0.00,1.01,1.48
08340500,0.00,0.00,0.24,0.06,0.01,0.00,0.01,0.02,8.35,0.06,91.22,0.00,0.01,0.00,0.00,0.02
08377900,0.00,0.00,0.00,0.00,0.00,0.00,0.47,5.84,72.83,5.75,5.84,8.73,0.02,0.00,0.27,0.23
08378500,0.02,0.00,0.20,0.17,0.00,0.00,0.52,7.43,73.05,7.62,5.00,5.42,0.09,0.00,0.33,0.17
08380500,0.00,0.00,0.61,0.52,0.00,0.00,0.00,2.15,86.63,2.89,4.53,1.99,0.28,0.00,0.34,0.05
09034900,0.00,0.08,0.00,0.07,0.00,0.00,18.08,0.00,35.88,0.00,21.74,21.37,0.00,0.00,1.59,1.17
09035800,0.00,0.01,0.00,0.00,0.00,0.00,1.56,0.07,70.20,0.00,12.80,14.75,0.00,0.00,0.55,0.06
09035900,0.00,0.00,0.05,0.16,0.00,0.00,4.25,0.16,60.91,0.00,16.39,16.55,0.00,0.00,1.12,0.41
09047700,0.00,0.00,0.53,0.85,0.01,0.00,0.25,0.00,83.24,0.00,5.23,8.81,0.00,0.00,1.06,0.01
09065500,0.20,0.02,0.03,0.23,0.00,0.00,17.19,1.65,38.48,0.00,26.27,14.40,0.00,0.00,1.26,0.26
09066000,0.27,0.00,0.10,1.59,0.97,0.00,0.33,0.77,60.62,0.00,27.70,4.85,0.00,0.00,2.33,0.47
09066200,0.18,0.00,0.27,0.78,0.11,0.00,3.85,4.33,36.22,0.13,27.97,24.91,0.00,0.00,0.93,0.31
09066300,0.00,0.00,0.01,0.26,0.62,0.02,1.13,5.47,74.02,2.05,12.24,3.51,0.00,0.00,0.59,0.09
09081600,0.08,0.07,0.24,0.67,0.05,0.00,8.12,23.40,32.59,1.72,25.35,3.78,0.04,0.00,3.46,0.43
09107000,0.07,0.00,0.44,0.17,0.00,0.00,7.86,0.30,55.90,0.00,17.39,9.48,0.00,0.00,4.99,3.40
09132500,0.17,0.00,0.46,0.45,0.04,0.00,2.47,50.69,22.37,2.33,18.04,0.84,0.44,0.00,1.57,0.12
09210500,0.01,0.00,0.20,0.02,0.00,0.00,0.04,1.41,22.31,0.01,71.63,1.28,0.03,0.00,2.45,0.62
09223000,0.01,0.00,0.61,0.04,0.00,0.00,0.00,2.83,52.81,0.02,37.98,1.07,0.00,0.00,4.23,0.40
09251000,0.33,0.00,0.92,0.70,0.12,0.01,0.20,22.63,16.09,1.01,51.19,1.39,2.23,1.23,1.46,0.48
09292500,0.82,0.00,0.38,0.22,0.00,0.00,18.02,1.71,53.63,0.21,14.19,8.54,0.08,0.00,1.26,0.92
09299500,0.80,0.00,0.56,0.15,0.01,0.00,10.19,1.57,61.10,0.23,11.70,10.34,0.00,0.00,2.91,0.44
09306242,0.00,0.00,0.79,0.29,0.00,0.00,0.02,11.93,20.53,0.01,66.41,0.00,0.01,0.00,0.01,0.00
09312600,0.00,0.00,0.15,0.35,0.05,0.00,0.00,19.28,33.65,0.22,45.61,0.03,0.03,0.00,0.61,0.02
09352900,0.39,0.00,0.10,0.04,0.00,0.00,24.33,3.91,38.53,0.45,9.38,20.88,0.00,0.00,1.47,0.51
09378170,0.01,0.00,0.30,0.03,0.02,0.00,0.00,48.65,29.05,1.29,20.47,0.00,0.00,0.00,0.16,0.00
09378630,0.00,0.00,0.34,0.02,0.00,0.00,0.02,28.16,56.21,1.38,13.08,0.01,0.00,0.00,0.78,0.00
09386900,0.01,0.00,1.75,0.03,0.00,0.00,0.00,0.03,78.81,0.05,18.92,0.00,0.31,0.00,0.05,0.04
09404450,0.06,0.00,1.26,0.44,0.02,0.00,0.27,9.62,71.44,0.00,15.96,0.05,0.51,0.00,0.34,0.03
09430500,0.01,0.00,0.27,0.19,0.01,0.00,0.00,0.04,65.91,0.21,30.01,3.13,0.00,0.00,0.19,0.02
09430600,0.00,0.00,0.02,0.05,0.00,0.00,0.00,0.84,77.53,1.99,19.15,0.41,0.01,0.00,0.00,0.00
09431500,0.01,0.00,0.30,0.26,0.02,0.00,0.24,0.05,54.53,0.19,41.90,2.18,0.06,0.01,0.19,0.07
09442692,0.00,0.00,0.38,0.29,0.00,0.00,0.00,0.00,59.87,0.00,39.31,0.14,0.01,0.00,0.00,0.00
09444500,0.01,0.00,0.36,0.44,0.03,0.00,0.41,0.14,69.02,0.24,28.40,0.64,0.05,0.00,0.16,0.11
09447800,0.01,0.00,0.07,0.07,0.00,0.00,0.00,0.00,15.45,0.00,78.14,6.02,0.00,0.00,0.22,0.01
09480000,0.00,0.00,0.85,0.04,0.00,0.00,0.00,0.00,11.38,0.00,55.68,31.18,0.05,0.02,0.00,0.80
09484000,0.00,0.00,0.40,0.48,0.00,0.00,0.02,0.00,25.63,0.03,72.66,0.60,0.00,0.00,0.16,0.01
09484600,0.00,0.00,0.73,0.46,0.01,0.00,0.00,0.00,5.86,0.00,89.15,3.28,0.00,0.00,0.39,0.10
09492400,0.00,0.00,1.10,0.26,0.00,0.00,0.01,1.70,92.51,3.76,0.30,0.22,0.00,0.00,0.08,0.07
09494000,0.24,0.00,1.56,0.60,0.05,0.01,0.00,1.34,77.15,2.45,15.36,0.45,0.02,0.00,0.37,0.39
09497500,0.14,0.00,0.98,0.42,0.02,0.00,0.00,0.46,72.69,0.92,23.51,0.50,0.01,0.00,0.14,0.22
09497800,0.00,0.00,0.90,0.12,0.00,0.00,0.00,0.00,52.69,0.00,45.92,0.16,0.01,0.00,0.18,0.01
09497980,0.00,0.00,1.24,0.26,0.01,0.00,0.00,0.02,70.74,0.00,26.24,1.12,0.01,0.00,0.34,0.01
09505200,0.00,0.00,0.48,0.04,0.00,0.00,0.00,0.01,72.69,0.02,26.69,0.00,0.00,0.00,0.06,0.00
09505350,0.00,0.00,1.72,1.61,0.24,0.00,0.00,0.04,76.55,0.00,18.89,0.90,0.00,0.00,0.03,0.01
09505800,0.00,0.00,1.46,0.08,0.00,0.00,0.00,0.01,82.48,0.01,15.82,0.03,0.00,0.00,0.10,0.00
09508300,0.00,0.00,0.14,0.23,0.00,0.00,0.00,0.00,16.63,0.00,82.46,0.38,0.00,0.00,0.15,0.00
09510200,0.00,0.00,0.14,0.37,0.09,0.00,0.00,0.00,11.81,0.03,84.32,3.02,0.00,0.00,0.22,0.01
09512280,0.00,0.00,0.06,0.25,0.00,0.00,0.00,0.00,0.06,0.00,94.81,4.73,0.00,0.00,0.08,0.01
09513780,0.00,0.00,0.01,0.27,0.00,0.00,0.00,0.00,0.16,0.00,94.76,4.56,0.00,0.00,0.19,0.05
10023000,0.00,0.00,0.25,0.00,0.00,0.00,0.00,2.69,14.14,0.01,81.59,0.08,0.84,0.00,0.14,0.25
10166430,0.00,0.00,0.12,0.11,0.00,0.00,0.00,25.97,30.01,0.09,42.57,0.00,0.00,0.00,1.13,0.00
10172700,0.13,0.00,0.10,0.07,0.00,0.00,0.00,0.28,5.74,0.00,91.95,1.39,0.00,0.00,0.32,0.02
10172800,0.02,0.02,0.12,0.20,0.00,0.00,0.94,1.48,47.72,0.04,38.96,9.97,0.00,0.00,0.54,0.00
10173450,0.02,0.00,1.00,0.38,0.00,0.00,0.06,2.03,61.84,2.36,31.10,0.26,0.33,0.00,0.54,0.06
10205030,0.08,0.00,0.16,0.22,0.01,0.00,0.19,29.89,25.44,1.04,42.78,0.17,0.00,0.00,0.03,0.00
10234500,0.29,0.00,0.61,0.98,0.03,0.00,0.40,5.56,76.51,4.29,9.39,1.88,0.00,0.00,0.03,0.03
10242000,0.00,0.00,0.85,1.10,0.03,0.00,2.74,22.00,52.36,2.35,17.49,1.06,0.00,0.00,0.01,0.01
10244950,0.00,0.00,0.15,0.14,0.00,0.00,0.00,0.40,52.58,0.00,46.74,0.00,0.00,0.00,0.00,0.00
10249300,0.00,0.00,0.00,0.00,0.00,0.00,1.63,2.74,46.68,0.00,48.32,0.00,0.00,0.00,0.63,0.00
10258000,0.00,0.00,0.00,0.03,0.01,0.00,0.00,0.00,43.68,0.06,55.70,0.01,0.00,0.00,0.38,0.13
10258500,0.00,0.00,0.15,0.22,0.00,0.00,0.00,0.26,10.24,0.19,88.40,0.50,0.00,0.00,0.03,0.00
10259000,0.00,0.00,0.00,0.00,0.00,0.00,0.00,0.03,8.60,0.48,90.65,0.17,0.00,0.00,0.05,0.02
10259200,0.00,0.00,0.03,0.06,0.00,0.00,0.09,0.00,21.63,0.00,78.16,0.00,0.00,0.00,0.03,0.01
10263500,0.00,0.00,0.08,0.73,0.35,0.00,0.00,0.01,63.37,0.03,34.21,0.07,0.00,0.00,1.16,0.00
10296000,0.35,0.04,0.23,0.36,0.06,0.01,11.02,2.58,25.11,0.00,56.93,0.30,0.00,0.00,2.33,0.69
10296500,0.26,0.03,0.22,0.40,0.10,0.00,8.51,2.89,24.99,0.00,57.26,3.04,0.00,0.00,1.78,0.52
10301500,0.45,0.02,0.19,0.72,0.10,0.01,3.07,1.12,22.99,0.00,61.40,2.06,1.22,3.17,1.97,1.50
10309000,0.15,0.00,0.17,0.37,0.02,0.00,1.87,1.01,55.64,0.00,38.84,0.64,0.04,0.00,0.98,0.26
10310500,0.00,0.00,2.96,2.21,1.50,0.45,0.09,0.06,38.88,0.00,51.98,1.11,0.00,0.00,0.41,0.35
10312000,0.21,0.00,1.41,2.32,1.32,0.19,0.81,0.40,34.81,0.00,48.64,1.94,3.00,1.25,1.61,2.09
10316500,0.11,0.00,0.33,0.97,0.01,0.00,2.77,7.28,16.44,0.00,61.06,9.86,0.00,0.00,1.14,0.03
10329500,0.00,0.00,0.03,0.23,0.00,0.00,0.00,5.29,1.45,0.00,85.50,7.49,0.00,0.00,0.01,0.00
10336645,0.27,0.00,0.64,0.27,0.01,0.00,0.00,0.02,83.47,0.00,14.81,0.00,0.00,0.00,0.52,0.00
10336660,0.01,0.00,1.46,1.03,0.03,0.00,1.84,0.02,76.83,0.00,16.83,0.00,0.00,0.00,1.90,0.05
10336740,0.00,0.00,0.25,0.58,0.03,0.00,0.00,0.89,90.17,0.00,8.07,0.00,0.00,0.00,0.00,0.00
10343500,0.00,0.00,2.08,0.11,0.00,0.00,0.00,0.00,92.37,0.00,4.44,0.03,0.00,0.00,0.97,0.01
10348850,0.02,0.00,3.57,5.48,0.55,0.00,0.98,3.06,45.01,0.00,41.12,0.00,0.00,0.00,0.20,0.00
10396000,0.03,0.00,0.15,0.14,0.00,0.00,0.31,2.44,9.69,0.00,83.09,3.39,0.00,0.00,0.64,0.11
11025500,0.38,0.00,1.06,0.11,0.01,0.00,0.01,0.92,5.23,5.90,45.93,39.00,0.02,0.00,0.64,0.80
11098000,0.00,0.00,0.22,1.17,0.09,0.01,0.00,0.00,1.93,0.11,10.69,85.56,0.00,0.00,0.18,0.03
11124500,0.00,0.00,0.09,0.13,0.00,0.00,0.00,0.00,3.23,2.49,43.22,50.42,0.00,0.00,0.23,0.18
11138500,0.00,0.00,0.11,0.05,0.00,0.00,0.00,0.00,4.49,6.73,41.79,46.31,0.00,0.00,0.29,0.24
11141280,0.00,0.00,0.11,0.04,0.00,0.00,0.00,0.02,47.68,17.17,34.12,0.41,0.00,0.00,0.45,0.00
11143000,0.00,0.00,0.01,0.03,0.00,0.00,0.00,0.00,10.50,0.03,16.58,72.74,0.00,0.00,0.11,0.00
11148900,0.06,0.00,0.86,0.06,0.00,0.00,0.00,0.04,6.88,17.10,49.22,23.59,0.00,0.00,1.09,1.10
11151300,0.01,0.00,0.79,0.28,0.01,0.00,0.01,0.01,0.08,4.35,44.33,48.76,0.05,0.63,0.12,0.58
11160000,0.00,0.00,6.79,3.32,1.34,0.15,0.10,0.02,74.04,1.37,5.91,6.43,0.02,0.00,0.51,0.01
11162500,0.00,0.00,1.27,0.27,0.03,0.00,0.00,0.32,88.09,1.66,6.61,1.66,0.02,0.00,0.08,0.00
11176400,0.01,0.00,0.51,0.24,0.00,0.00,0.00,0.03,1.49,8.36,76.36,12.41,0.00,0.00,0.48,0.11
11180500,0.02,0.00,0.78,2.94,6.96,2.80,0.00,0.01,9.61,12.05,30.22,34.51,0.00,0.05,0.04,0.01
11180960,0.00,0.00,4.64,4.22,0.72,0.00,0.00,0.06,17.90,15.93,38.55,16.08,0.00,0.00,1.90,0.00
11224500,0.00,0.00,0.39,0.24,0.01,0.00,0.49,0.02,1.00,3.94,74.39,19.46,0.00,0.00,0.00,0.06
11230500,1.40,1.55,0.00,0.00,0.00,0.00,36.08,0.15,22.28,0.00,37.95,0.11,0.00,0.00,0.34,0.13
11237500,0.19,0.00,1.60,0.65,0.03,0.00,0.43,0.00,83.28,0.00,13.30,0.25,0.00,0.00,0.25,0.02
11253310,0.00,0.00,0.03,0.13,0.00,0.00,0.22,0.00,6.26,10.97,32.34,50.03,0.00,0.00,0.01,0.00
11264500,0.59,0.43,0.05,0.07,0.00,0.00,16.07,0.01,36.46,0.00,43.80,1.32,0.00,0.00,0.73,0.49
11266500,0.51,0.24,0.12,0.16,0.01,0.00,11.18,0.01,47.40,0.00,38.44,0.90,0.00,0.00,0.70,0.33
11274500,0.02,0.00,0.17,0.08,0.00,0.00,0.03,0.00,0.12,2.72,40.22,56.39,0.00,0.02,0.06,0.15
11274630,0.02,0.00,0.18,0.10,0.00,0.00,0.04,0.00,0.00,2.51,57.35,39.11,0.00,0.66,0.01,0.03
11281000,0.00,0.00,1.20,0.44,0.00,0.00,0.02,0.01,80.35,0.00,15.72,1.91,0.00,0.00,0.22,0.11
11284400,0.01,0.00,4.34,1.75,0.03,0.00,0.00,0.00,69.92,0.00,21.47,1.96,0.00,0.00,0.02,0.49
11299600,0.00,0.00,1.95,0.19,0.01,0.00,0.00,9.76,14.42,0.00,50.91,22.75,0.00,0.00,0.01,0.00
11342000,0.23,0.01,3.89,2.28,0.67,0.03,1.91,0.53,76.90,0.00,10.22,2.62,0.07,0.00,0.43,0.19
11355500,0.12,0.01,3.07,0.71,0.04,0.00,3.53,0.00,74.83,0.00,8.31,8.29,0.17,0.23,0.48,0.23
11381500,0.04,0.00,1.72,0.79,0.06,0.00,0.75,0.07,45.58,0.00,41.09,8.74,0.00,0.00,0.91,0.25
11383500,0.02,0.00,3.22,1.00,0.02,0.00,0.03,0.42,58.02,0.00,23.54,12.52,0.00,0.00,0.65,0.55
11401500,0.21,0.00,2.13,0.60,0.03,0.00,0.05,0.04,53.97,0.00,23.46,15.87,1.56,0.00,0.75,1.32
11413000,0.16,0.00,2.51,0.60,0.03,0.00,0.32,0.29,86.26,0.00,8.44,0.73,0.00,0.00,0.56,0.10
11427000,0.47,0.00,2.69,0.93,0.27,0.01,0.37,0.91,74.64,0.00,14.06,5.53,0.00,0.00,0.12,0.02
11451100,0.00,0.00,0.62,0.32,0.00,0.00,0.00,0.02,7.64,0.00,87.96,3.42,0.00,0.00,0.02,0.00
11468500,0.01,0.00,1.56,0.09,0.00,0.00,0.00,0.04,94.34,0.12,3.02,0.71,0.01,0.00,0.08,0.02
11473900,0.09,0.00,1.53,0.55,0.06,0.00,0.15,1.69,48.64,0.69,35.09,9.36,2.01,0.01,0.10,0.02
11475560,0.00,0.00,0.48,0.01,0.00,0.00,0.00,0.12,97.95,0.00,1.45,0.00,0.00,0.00,0.00,0.00
11476600,0.00,0.00,2.57,0.39,0.07,0.00,0.12,0.65,90.49,0.04,4.09,1.56,0.00,0.00,0.01,0.00
11478500,0.03,0.00,1.98,0.56,0.11,0.00,0.34,6.64,61.77,0.13,20.32,7.98,0.07,0.00,0.07,0.00
11480390,0.00,0.00,3.09,0.55,0.09,0.00,0.16,0.25,72.59,0.00,18.10,5.16,0.00,0.00,0.02,0.00
11481200,0.00,0.00,2.70,0.64,0.02,0.00,0.00,0.16,75.13,1.10,13.18,6.83,0.07,0.00,0.15,0.03
11482500,0.09,0.00,1.55,0.49,0.09,0.01,0.05,6.24,77.69,2.52,6.17,3.71,0.40,0.00,0.60,0.38
11497500,0.16,0.00,1.96,0.51,0.02,0.00,0.00,0.00,51.33,0.00,38.24,2.14,1.58,0.00,0.59,3.47
11501000,0.16,0.00,2.51,0.49,0.01,0.00,0.02,0.00,52.60,0.00,33.36,2.38,1.98,0.21,0.60,5.68
11522500,0.10,0.02,0.99,0.24,0.01,0.00,0.94,0.19,71.49,0.00,12.73,13.12,0.00,0.00,0.17,0.02
11523200,0.13,0.00,2.41,1.15,0.04,0.00,1.65,0.08,70.83,0.00,22.26,1.12,0.00,0.00,0.32,0.01
11528700,0.02,0.00,3.18,0.61,0.05,0.00,0.12,0.07,67.18,0.01,17.84,10.75,0.11,0.00,0.03,0.00
11530000,0.84,0.02,2.22,0.66,0.06,0.01,1.11,0.29,67.27,0.03,17.20,10.06,0.06,0.00,0.16,0.02
11532500,0.08,0.00,1.31,0.37,0.02,0.00,0.09,0.07,76.77,0.24,19.20,1.82,0.02,0.00,0.01,0.00
12010000,0.00,0.00,0.56,0.18,0.00,0.00,0.00,0.73,47.13,4.28,21.28,23.79,0.27,0.00,1.67,0.09
12013500,0.00,0.00,1.66,0.51,0.05,0.01,0.00,3.39,49.58,11.20,12.89,9.59,7.88,0.00,2.67,0.56
12020000,0.00,0.00,1.95,0.60,0.06,0.01,0.00,1.45,64.82,7.78,9.91,9.10,2.87,0.00,1.40,0.05
12025000,0.05,0.00,3.84,2.05,0.54,0.07,0.10,1.51,35.06,6.37,14.72,11.27,15.38,0.00,7.03,2.00
12025700,0.01,0.00,2.29,1.87,0.09,0.00,0.01,0.01,54.41,0.66,20.36,20.18,0.00,0.00,0.13,0.00
12027500,0.37,0.00,3.23,1.85,0.75,0.19,0.48,1.82,42.79,7.07,14.96,10.26,10.88,0.01,3.28,2.07
12035000,0.27,0.00,1.84,0.68,0.03,0.00,0.08,1.71,56.15,3.30,17.99,10.22,2.32,0.06,4.92,0.43
12040500,0.54,0.33,1.09,0.25,0.03,0.00,1.85,0.45,87.07,1.31,2.72,2.16,0.08,0.00,1.71,0.42
12041200,0.98,2.96,0.60,0.20,0.03,0.00,7.49,0.50,76.98,1.37,4.97,1.24,0.14,0.00,1.94,0.59
12043000,0.03,0.00,0.93,0.72,0.19,0.03,0.00,1.52,84.06,4.55,3.39,3.67,0.55,0.00,0.34,0.01
12048000,0.05,0.90,0.53,0.07,0.00,0.00,14.20,0.01,76.16,0.22,7.30,0.34,0.02,0.00,0.18,0.02
12054000,0.15,0.28,0.07,0.02,0.00,0.00,5.03,0.04,83.29,0.16,10.13,0.50,0.01,0.00,0.31,0.00
12056500,0.16,0.12,0.07,0.02,0.00,0.00,2.41,0.00,88.82,0.01,7.69,0.48,0.00,0.00,0.19,0.01
12073500,0.47,0.00,17.69,11.17,0.59,0.01,0.00,1.03,51.92,5.22,2.99,1.44,1.63,0.00,5.38,0.45
12082500,0.49,4.25,1.44,0.42,0.13,0.00,6.58,0.48,74.41,1.49,6.41,0.51,0.30,0.00,2.78,0.32
12092000,0.48,7.01,0.65,0.46,0.09,0.00,11.25,0.01,65.99,0.10,8.38,4.10,0.00,0.00,1.43,0.04
12095000,0.05,0.00,4.79,3.83,0.94,0.03,0.20,0.76,62.96,5.67,11.04,3.50,3.61,0.00,2.27,0.32
12098500,0.47,1.76,1.43,0.71,0.04,0.00,4.21,0.06,77.45,0.57,8.18,3.60,0.01,0.00,1.36,0.14
12114500,0.02,0.00,3.05,0.55,0.01,0.00,0.16,0.00,87.02,0.01,8.56,0.20,0.01,0.00,0.40,0.01
12115000,0.30,0.00,3.03,0.61,0.02,0.00,0.15,0.05,84.40,0.98,8.91,0.18,0.01,0.00,1.33,0.03
12115500,0.01,0.00,2.46,0.40,0.00,0.00,0.01,0.00,90.90,0.37,4.83,0.07,0.00,0.00,0.94,0.00
12117000,0.00,0.00,0.63,0.04,0.00,0.00,0.02,0.02,96.94,1.87,0.33,0.00,0.00,0.00,0.15,0.00
12134500,0.98,0.85,0.61,0.34,0.09,0.00,3.38,0.62,80.43,3.13,8.35,0.94,0.02,0.00,0.24,0.02
12141300,1.40,0.52,0.23,0.07,0.02,0.00,5.50,0.40,78.69,3.34,8.49,0.94,0.00,0.00,0.39,0.03
12143600,0.29,0.03,0.97,1.18,1.17,0.08,1.65,0.09,80.20,1.41,11.55,0.63,0.01,0.00,0.72,0.03
12144000,0.45,0.02,3.37,3.36,2.09,0.20,1.32,0.53,72.82,4.96,9.14,0.55,0.36,0.00,0.81,0.03
12144500,1.20,0.22,1.83,1.45,0.94,0.11,2.86,0.62,75.15,4.21,7.74,2.07,0.50,0.00,1.01,0.10
12145500,0.27,0.00,4.52,2.28,1.31,0.08,0.01,1.21,61.29,12.75,12.13,2.95,0.31,0.00,0.87,0.01
12147500,0.03,0.00,1.26,1.05,0.06,0.00,0.21,0.00,77.18,0.11,9.80,9.66,0.00,0.00,0.62,0.01
12147600,0.37,0.00,0.42,0.10,0.06,0.00,0.11,0.00,95.25,0.01,3.54,0.04,0.00,0.00,0.09,0.00
12149000,1.21,0.14,2.77,1.82,0.90,0.08,1.83,1.11,69.94,5.89,7.54,3.32,1.31,0.01,1.78,0.35
12167000,0.68,0.18,1.15,0.49,0.10,0.00,1.76,2.33,75.81,5.77,6.12,1.94,2.25,0.00,1.27,0.16
12175500,0.22,16.17,0.01,0.01,0.01,0.00,16.95,0.01,48.10,0.00,15.03,2.54,0.00,0.00,0.86,0.07
12178100,0.22,3.70,0.08,0.01,0.00,0.00,10.12,0.01,72.63,0.18,11.47,1.59,0.00,0.00,0.00,0.00
12186000,0.25,1.35,0.08,0.06,0.03,0.00,6.02,0.48,78.67,2.83,9.53,0.26,0.00,0.00,0.41,0.03
12189500,0.51,2.57,0.35,0.17,0.09,0.01,7.06,0.48,76.27,2.22,8.77,0.63,0.30,0.00,0.45,0.12
12340000,0.53,0.00,1.11,0.58,0.04,0.00,0.26,0.01,59.95,0.00,17.28,15.40,1.64,0.36,2.02,0.82
12358500,1.32,0.47,0.10,0.39,0.07,0.00,4.63,0.10,65.20,0.14,14.77,12.37,0.04,0.00,0.39,0.02
12374250,0.00,0.00,0.09,0.16,0.00,0.00,0.00,0.00,15.38,0.00,1.61,82.75,0.00,0.00,0.00,0.00
12375900,2.81,0.14,0.00,0.01,0.00,0.00,1.48,0.00,70.80,0.00,23.23,1.53,0.00,0.00,0.01,0.00
12377150,1.11,2.24,0.00,0.00,0.00,0.00,29.20,0.00,43.91,0.04,22.94,0.33,0.00,0.00,0.21,0.02
12381400,0.41,0.00,0.47,0.19,0.00,0.00,0.00,0.00,96.42,0.00,1.23,0.81,0.00,0.00,0.38,0.09
12383500,0.25,0.00,0.00,0.00,0.00,0.00,0.17,0.00,96.19,0.00,2.28,0.26,0.00,0.00,0.85,0.00
12388400,0.04,0.00,0.56,0.18,0.00,0.00,1.24,0.01,85.72,0.00,7.62,4.59,0.00,0.00,0.05,0.00
12390700,0.03,0.00,0.96,0.62,0.05,0.00,0.10,0.00,91.56,0.00,5.64,0.68,0.00,0.00,0.35,0.01
12411000,0.05,0.00,0.78,0.20,0.00,0.00,0.00,0.00,94.83,0.00,2.97,0.12,0.00,0.00,0.83,0.22
12413000,0.08,0.00,1.19,0.46,0.04,0.00,0.04,0.00,92.94,0.00,3.42,0.67,0.02,0.00,0.93,0.21
12413500,0.10,0.00,1.21,0.90,0.35,0.02,0.10,0.02,89.92,0.01,5.35,0.97,0.02,0.00,0.82,0.21
12414500,0.07,0.00,0.77,0.48,0.01,0.00,0.02,0.01,89.99,0.01,6.26,2.15,0.00,0.00,0.17,0.05
12447390,0.05,0.01,0.00,0.00,0.00,0.00,4.23,0.00,6.53,0.00,9.90,78.69,0.00,0.00,0.54,0.04
12449500,0.16,0.20,0.83,0.52,0.06,0.00,4.79,0.01,46.75,0.00,17.72,27.33,0.37,0.09,0.92,0.23
12449950,0.18,0.15,0.89,0.55,0.06,0.00,3.72,0.01,47.24,0.00,18.58,27.03,0.46,0.13,0.78,0.21
12451000,0.26,4.18,0.03,0.05,0.01,0.00,14.83,0.01,52.76,0.03,23.24,4.11,0.01,0.00,0.42,0.06
12459000,0.87,0.81,0.85,0.67,0.09,0.01,4.90,0.05,68.60,0.04,17.98,3.29,0.27,0.01,1.41,0.16
12462500,0.72,0.63,0.91,0.89,0.17,0.02,4.21,0.09,65.65,0.05,19.24,5.40,0.59,0.08,1.16,0.20
12488500,0.14,0.02,0.38,0.34,0.01,0.00,1.15,0.00,84.26,0.00,11.23,1.08,0.00,0.00,1.29,0.10
13011500,1.60,0.00,0.18,0.16,0.05,0.00,0.03,0.00,38.01,0.00,51.16,3.98,0.00,0.00,4.22,0.60
13011900,0.23,0.03,0.10,0.23,0.04,0.00,2.33,0.02,55.94,0.00,34.82,2.72,0.21,0.00,2.31,1.02
13018300,0.00,0.00,0.01,0.00,0.00,0.00,0.01,1.72,66.19,0.00,31.66,0.32,0.00,0.00,0.10,0.00
13023000,0.04,0.00,0.29,0.27,0.01,0.00,0.63,0.28,58.49,0.00,35.60,3.14,0.00,0.00,1.14,0.12
13083000,0.00,0.00,0.07,0.14,0.00,0.00,0.00,0.30,11.82,0.00,81.25,5.57,0.00,0.00,0.63,0.22
13161500,0.01,0.00,0.15,0.03,0.00,0.00,0.00,1.38,3.42,0.00,55.90,38.04,0.03,0.00,0.28,0.76
13186000,0.04,0.02,0.48,0.18,0.02,0.00,0.69,0.29,51.39,0.00,32.29,13.83,0.02,0.00,0.64,0.10
13200000,0.00,0.00,2.14,0.57,0.02,0.00,0.00,0.58,71.25,0.00,21.96,3.25,0.01,0.00,0.20,0.01
13235000,0.28,0.18,0.28,0.33,0.03,0.00,4.01,0.06,47.73,0.00,30.19,16.64,0.00,0.00,0.23,0.05
13240000,0.16,0.04,0.46,0.20,0.00,0.00,0.98,0.06,68.62,0.00,20.91,7.95,0.00,0.00,0.51,0.12
13302500,0.33,0.08,0.22,0.49,0.07,0.00,3.89,0.03,37.28,0.00,47.62,6.65,1.65,0.61,0.40,0.67
13310700,0.31,0.01,0.39,0.16,0.00,0.00,0.14,0.00,37.87,0.00,13.53,47.15,0.00,0.00,0.29,0.15
13313000,0.06,0.00,0.58,0.13,0.00,0.00,0.01,0.00,39.18,0.00,14.10,44.90,0.00,0.00,0.59,0.45
13331500,0.15,0.12,0.09,0.08,0.01,0.00,1.76,0.00,73.87,0.00,11.47,12.26,0.01,0.00,0.15,0.03
13336500,0.13,0.01,0.04,0.04,0.00,0.00,0.77,0.03,73.82,0.03,15.28,9.74,0.00,0.00,0.10,0.00
13337000,0.22,0.01,0.30,0.23,0.02,0.00,0.49,0.04,82.41,0.12,8.40,7.48,0.00,0.00,0.26,0.02
13338500,0.05,0.00,1.05,1.52,0.12,0.02,0.01,0.00,71.45,0.00,4.10,6.11,2.10,13.09,0.19,0.19
13340000,0.17,0.01,0.60,0.84,0.07,0.01,0.37,0.02,72.18,0.04,9.92,9.03,0.97,5.40,0.26,0.11
13340600,0.10,0.00,0.38,0.27,0.00,0.00,0.05,0.03,90.22,0.04,6.72,1.99,0.00,0.00,0.20,0.00
13351000,0.22,0.00,0.96,2.97,0.31,0.05,0.00,0.01,10.19,0.00,4.51,14.27,0.72,64.56,0.21,1.02
14020000,0.00,0.00,0.48,0.31,0.01,0.00,0.00,0.00,73.16,0.00,6.21,19.78,0.00,0.00,0.06,0.00
14080500,0.24,0.00,0.58,0.42,0.01,0.00,0.01,0.00,17.12,0.00,71.26,7.30,0.41,0.68,0.11,1.86
14092750,0.42,0.13,1.01,0.25,0.00,0.00,2.24,0.00,87.18,0.00,5.77,2.64,0.00,0.00,0.37,0.00
14096850,0.02,0.00,2.56,0.77,0.01,0.00,0.00,0.00,49.77,0.00,15.69,30.90,0.05,0.00,0.20,0.03
14101500,0.42,0.07,2.30,1.40,0.13,0.01,0.60,0.00,52.30,0.00,16.87,17.93,2.08,5.72,0.12,0.05
14113000,0.13,0.15,2.44,1.12,0.07,0.01,0.83,0.02,53.02,0.01,18.36,15.46,1.28,5.05,1.04,1.01
14137000,0.10,0.52,1.58,0.72,0.28,0.01,2.23,0.81,85.60,4.05,2.74,0.14,0.64,0.00,0.50,0.09
14138800,0.18,0.00,2.42,0.20,0.01,0.00,0.00,0.01,95.55,0.00,1.43,0.00,0.00,0.00,0.19,0.00
14138870,0.04,0.00,0.15,0.00,0.00,0.00,0.21,0.00,97.05,0.02,2.08,0.04,0.00,0.00,0.41,0.00
14138900,0.23,0.00,1.11,0.06,0.02,0.00,0.00,0.02,94.58,0.00,0.62,0.00,0.00,0.00,1.63,1.73
14139800,0.00,0.00,0.69,0.03,0.00,0.00,0.00,0.02,97.94,0.63,0.42,0.00,0.00,0.00,0.28,0.00
14141500,0.20,0.00,0.52,0.04,0.00,0.00,0.00,0.24,90.94,5.27,1.43,0.02,0.91,0.00,0.40,0.03
14154500,0.00,0.00,2.37,0.60,0.03,0.00,0.01,0.00,88.47,0.49,4.98,2.61,0.38,0.00,0.06,0.00
14158500,0.70,0.00,2.13,0.53,0.02,0.00,1.66,0.00,87.54,0.00,5.80,0.69,0.00,0.00,0.66,0.28
14158790,0.00,0.00,1.66,0.39,0.01,0.00,0.00,0.00,90.47,0.00,7.27,0.07,0.00,0.00,0.13,0.00
14166500,0.06,0.00,2.85,0.98,0.15,0.04,0.01,0.13,54.96,5.96,15.86,8.19,7.46,0.00,2.37,0.96
14182500,0.07,0.00,1.42,0.59,0.05,0.00,0.01,0.56,83.33,4.04,6.29,3.00,0.46,0.00,0.19,0.01
14185000,0.02,0.00,2.23,0.54,0.03,0.00,0.01,0.04,88.12,1.28,4.03,3.44,0.08,0.00,0.18,0.01
14185900,0.00,0.00,3.15,1.17,0.05,0.00,0.00,0.02,90.25,0.21,3.77,1.35,0.00,0.00,0.02,0.00
14187000,0.00,0.00,2.20,0.74,0.01,0.00,0.00,0.03,68.71,2.71,9.32,15.55,0.59,0.00,0.13,0.00
14216500,0.07,0.17,0.88,0.70,0.31,0.03,6.20,0.20,71.83,0.62,17.81,0.85,0.00,0.00,0.29,0.04
14222500,0.01,0.00,2.31,0.87,0.10,0.01,0.08,0.64,67.98,5.39,9.40,9.01,1.36,0.00,2.81,0.04
14232500,0.38,0.53,1.50,0.68,0.04,0.00,2.77,0.02,87.67,0.21,4.67,0.14,0.02,0.00,1.30,0.08
14233400,0.51,0.77,1.37,0.64,0.10,0.01,2.21,0.33,84.24,1.24,5.76,0.73,0.85,0.00,0.94,0.31
14236200,0.07,0.00,2.41,0.96,0.28,0.05,0.01,1.11,69.04,6.50,12.17,3.91,1.55,0.00,1.33,0.62
14301000,0.05,0.00,2.12,0.42,0.04,0.00,0.01,2.29,56.68,10.43,14.42,10.57,1.90,0.00,0.90,0.16
14303200,0.00,0.00,0.20,0.01,0.00,0.00,0.00,0.60,91.56,5.21,2.24,0.18,0.00,0.00,0.00,0.00
14305500,0.04,0.00,1.40,0.36,0.01,0.00,0.00,1.43,51.24,11.27,14.85,16.42,1.50,0.00,1.43,0.07
14306340,0.00,0.00,0.15,0.00,0.01,0.00,0.01,0.56,86.76,9.93,2.50,0.09,0.00,0.00,0.00,0.00
14306500,0.01,0.00,1.15,0.16,0.01,0.00,0.01,1.63,64.75,17.36,5.68,5.29,2.32,0.00,1.27,0.35
14308000,0.05,0.00,2.81,0.36,0.00,0.00,0.01,0.00,82.59,0.03,6.19,7.87,0.07,0.00,0.03,0.00
14308990,0.00,0.00,3.12,0.50,0.01,0.00,0.00,0.01,87.96,0.01,5.25,2.11,0.96,0.00,0.08,0.00
14309500,0.00,0.00,3.35,0.56,0.00,0.00,0.00,0.00,82.19,0.00,6.01,7.82,0.00,0.00,0.06,0.00
14316700,0.00,0.00,3.10,0.42,0.00,0.00,0.00,0.00,93.26,0.00,2.63,0.54,0.00,0.00,0.04,0.00
14321000,0.42,0.00,2.79,1.15,0.34,0.05,0.13,0.02,71.99,0.35,7.86,6.30,7.79,0.05,0.25,0.51
14325000,0.03,0.00,2.37,0.66,0.04,0.00,0.00,0.02,78.37,2.28,6.82,7.64,1.21,0.00,0.41,0.14
14359000,0.49,0.00,3.34,2.26,1.02,0.21,0.20,0.03,63.51,0.03,15.93,6.57,5.49,0.38,0.28,0.25
14362250,0.00,0.00,3.58,0.25,0.00,0.00,0.00,0.00,83.79,0.00,11.46,0.92,0.00,0.00,0.00,0.00
14400000,0.13,0.00,1.09,0.17,0.00,0.00,0.08,0.00,52.40,0.55,37.25,8.06,0.08,0.00,0.09,0.08
